LON,LAT,EDO,CLAVE,ESTACION,ene-22
-102.309722,21.895,AGS,AGSAG,"Aguascalientes, Ags.",1.5
-102.585833,22.177222,AGS,ALMAG,"Alamitos, Ags.",5.5
-102.184167,21.738611,AGS,BRTAG,"San Bartolo, Ags.",0
-102.712222,21.849167,AGS,CALVILLO,"Calvillo, Ags. SMN*",1.75
-102.676944,21.9975,AGS,CDRAG,"La Codorniz, Ags.",0
-102.197222,22.007222,AGS,CHOAG,"CaÒada Honda, Ags.",0.01
-102.189167,21.826667,AGS,CLVAG,"Calvillo, Ags.",1.7
-101.992222,21.897778,AGS,CNSAG,"Los Conos, Ags.",0.1
-102.296667,22.362778,AGS,CSOAG,"CosÌo, Ags.",0.01
-102.356944,22.121667,AGS,JCQAG,"Jocoque, Ags.",0
-102.788333,21.8075,AGS,MNLAG,"Media Luna, Ags.",2.3
-102.371667,21.78,AGS,NGRAG,"El Ni·gara, Ags.",1.4
-102.001944,22.020556,AGS,NVLAG,"El Novillo, Ags.",0.2
-102.290556,21.850833,AGS,OBSAG,"Observatorio de Aguascalientes, Ags.",2.4
-102.465,22.189167,AGS,P50ANIV,"Presa Cincuenta Aniversario, Ags. SMN*",2.2
-101.966667,21.916667,AGS,PALAG,"Palo Alto, Ags.",0
-102.279167,22.147222,AGS,PBLAG,"PabellÛn, Ags.",0.1
-102.417222,22.141111,AGS,PECAG,"Plutarco ElÌas Calles, Ags.",1.5
-102.135,22.202778,AGS,PTOAG,"Puerto de la ConcepciÛn, Ags.",2
-102.4375,22.235,AGS,PTRAG,"Derivadora PabellÛn, Ags.",1.7
-102.608333,22.269444,AGS,SIERRAFRIA,"Sierra FrÌa, Ags. SMN*",0.6
-102.108889,21.885,AGS,SNVAG,"Sandovales, Ags.",0
-102.127778,21.807778,AGS,TNJAG,"La Tinaja 2, Ags.",0
-102.0675,22.097778,AGS,VJZAG,"Villa Ju·rez, Ags.",0.41
-116.204167,32.271944,BC,AGHBN,"Agua Hechicera, B.C.",2.6
-114.730278,32.704722,BC,ALGODONESob,"Observatorio de Algodones, B.C. SMN*",0
-116.908333,32.444722,BC,ALRBN,"Abelardo L. RodrÌguez, B.C.",13.9
-116.696944,32.479444,BC,CRRBN,"El Carrizo, B.C.",13.61
-116.828333,32.468056,BC,EFLBN,"El Florido, B.C.",11.21
-116.6025,31.890278,BC,ELZBN,"Emilio LÛpez Zamora, B.C.",0.81
-115.931389,30.517222,BC,ENBBN,"San QuintÌn, B.C.",0
-115.15,32.411111,BC,ENLBN,"Observatorio de Ejido Nuevo LeÛn, B.C.",0
-116.302778,32.516389,BC,HNGBN,"El Hongo, B.C.",6
-114.728056,32.705,BC,JMRBN,"InterconexiÛn JosÈ MarÌa Morelos y PavÛn, B.C.",0
-115.27,32.39,BC,MXCBN,"Mexicali, B.C.",0
-116.908333,32.4475,BC,PABELARLRDGZ2,"Abelardo L. RodrÌguez. 2, B.C. SMN*",12
-114.729444,32.703889,BC,PDMBN,"Presa derivadora Morelos, B.C.",0
-117.071389,32.3775,BC,PLAYAROSARITO,"Playa Rosarito, B.C. SMN*",8.6
-116.603333,31.891667,BC,PLOPEZZAMORA,"Presa Emilio LÛpez Zamora, B.C. SMN*",0.6
-116.678333,32.543889,BC,PRTBN,"La Puerta, B.C.",20.2
-116.64,31.704444,BC,PTBBN,"Punta Banda, B.C.",0
-114.85,31.033333,BC,SFLBN,"Observatorio de San Felipe, B.C.",0
-115.9375,30.531111,BC,SQNBN,"San QuintÌn, B.C. SMN*",0
-116.661667,32.568611,BC,TECATE,"Tecate, B.C. SMN*",6.6
-111.663611,25.009722,BCS,CCNBS,"Observatorio de Ciudad ConstituciÛn, B.C.S.",0
-109.925833,22.8975,BCS,CSLBS,"Cabo San Lucas, B.C.S.",0
-113.457778,27.643611,BCS,DORBS,"DÌaz Ordaz, B.C.S.",0.01
-114.051944,27.963056,BCS,GNGBS,"Guerrero Negro, B.C.S.",2.61
-109.697222,23.680556,BCS,LBABS,"Los Barriles, B.C.S.",0
-110.366667,24.15,BCS,LPZBS,"Observatorio de La Paz, B.C.S.",0
-111.349167,26.011667,BCS,LRTBS,"Observatorio de Loreto, B.C.S.",0
-111.983056,26.896111,BCS,MLGBS,"MulegÈ, B.C.S.",0.5
-111.829444,24.481111,BCS,PCORTESmar,"Puerto CortÈs, B.C.S. SEMAR*",0
-109.934167,23.9675,BCS,PLNBS,"Los Planes, B.C.S.",0
-109.591389,23.593056,BCS,RBRBS,"La Ribera, B.C.S.",0
-110.059167,23.805,BCS,SANBS,"San Antonio, B.C.S.",0
-109.995,24.083889,BCS,SARBS,"El Sargento, B.C.S.",0
-109.843889,23.738333,BCS,SBABS,"San Bartolo, B.C.S.",0
-109.708333,23.118889,BCS,SJCBS,"San JosÈ del Cabo, B.C.S.",0
-109.998611,23.555556,BCS,SLAGUNA,"Sierra La Laguna, B.C.S. SMN*",0
-109.713611,23.490278,BCS,SNTBS,"Santiago, B.C.S.",0
-110.210556,23.478889,BCS,TSNBS,"Todos Santos, B.C.S.",0
-89.743889,20.003889,CAMP,BOLCA,"Bolonchen, Camp.",43
-90.575556,19.295,CAMP,CANCA,"Canasayab, Camp.",47.3
-91.761389,18.654167,CAMP,CARCA,"El Carmen, Camp.",125.52
-91.765278,18.658056,CAMP,CDCCA,"Ciudad del Carmen, Camp. SMN*",70
-90.72,19.361667,CAMP,CHMCA,"ChampotÛn, Camp.",38
-90.544167,19.838333,CAMP,CMPCA,"Campeche, Camp.",67
-91.046111,18.183056,CAMP,CNDCA,"Candelaria, Camp.",49.33
-90.507222,19.838611,CAMP,COBCA,"Observatorio de Campeche, Camp.",80.11
-90.741111,18.604444,CAMP,ESCCA,"Esc·rcega, Camp.",93.41
-90.105556,20.184167,CAMP,HECCA,"Hecelchak·n, Camp.",31
-89.848333,19.751944,CAMP,HPOCA,"Hopelchen, Camp.",47.8
-90.820833,18.056944,CAMP,MONCLOVACAMP,"Monclova, Camp. SMN*",83.4
-90.221389,19.605833,CAMP,NYXCA,"Noh-YaxchÈ, Camp.",81
-92.086944,18.253056,CAMP,PLZCA,"Palizada, Camp.",74.4
-91.175833,18.972778,CAMP,SBNCA,"Sabancuy, Camp.",36.5
-89.860278,19.664444,CAMP,XCPCA,"Xcupil, Camp.",32.1
-89.396111,18.502222,CAMP,XPJCA,"Xpujil, Camp.",59.5
-107.482778,28.481667,CHIH,AGZCH,"Abraham Gonz·lez, Chih.",0
-107.255556,28.771667,CHIH,BACCH,"BachÌniva, Chih.",0
-108.206389,28.208889,CHIH,BSSCH,"Basaseachi, Chih.",0
-107.723611,27.033611,CHIH,BTPCH,"Batopilas, Chih.",0
-106.484722,28.802778,CHIH,C08099,"Majalca, Chih.",0
-108.092778,29.251944,CHIH,C08219,"PeÒitas, Chih.",0.5
-107.6975,28.759722,CHIH,C08243,"Tejolocachi, Chih.",0
-105.963611,28.773333,CHIH,C08270,"La Mesa, Chih.",0.01
-107.930833,30.376667,CHIH,CAGCH,"Observatorio de Nuevo Casas Grandes, Chih.",0.21
-106.84,28.396667,CHIH,CDCUAUHTEMOC,"Ciudad CuauhtÈmoc, Chih. SMN*",0
-105.446944,28.210833,CHIH,CDLCH,"Ciudad Delicias, Chih.",0
-108.535556,27.392222,CHIH,CHICH,"ChÌnipas, Chih. SMN*",0.25
-106.770556,26.229444,CHIH,CHNCH,"Chinat˙, Chih. SMN*",0.75
-106.167778,28.570556,CHIH,CHUCH,"Chihuahua, Chih.",0
-106.400278,31.736667,CHIH,CJZCH,"Ciudad Ju·rez, Chih.",0
-105.381667,27.410278,CHIH,CL2CH,"Colina hidromÈtrica, Chih.",0
-105.382222,27.576389,CHIH,CLNCH,"Ing. Andrew Weiss, Chih.",0
-108.541667,27.416667,CHIH,CNDCH,"ChÌnipas, Chih.",0
-105.382222,27.576389,CHIH,COLINA,"Colina, Chih. SGT*",0
-107.633333,27.75,CHIH,CRLCH,"Creel, Chih.",0
-106.390278,26.473333,CHIH,ELVERGELSMN,"El Vergel, Chih. SMN*",0
-106.119444,28.614722,CHIH,ERECH,"El RejÛn, Chih.",0
-105.628889,28.166111,CHIH,FIMCH,"Francisco I. Madero, Chih.",0
-107.072222,26.816667,CHIH,GCCCH,"Guachochi, Chih. SMN*",0
-108.3,29.2,CHIH,GPCCH,"Guapoca, Chih.",1.02
-107.879167,26.870833,CHIH,IGNCH,"San Ignacio, Chih.",0
-108.427222,30.838889,CHIH,JANOS,"Janos, Chih. SMN*",4.2
-105.414167,27.544722,CHIH,LBQCH,"La Boquilla, Chih.",0
-107.025833,29.88,CHIH,LJSCH,"Las Lajas, Chih.",2
-105.28,28.984444,CHIH,LLNCH,"Ing. Luis L. LeÛn, Chih.",0
-107.994167,27.858611,CHIH,MAGCH,"Maguarichi, Chih. SMN*",0.3
-106.486111,28.803333,CHIH,MAJALCA,"Cumbres de Majalca, Chih. SMN*",0
-104.410833,29.565,CHIH,OJNCH,"Ojinaga, Chih.",0.02
-105.254167,26.546389,CHIH,PAGCH,"Pico del ¡guila, Chih.",0
-104.74,29.5,CHIH,PEGUIS,"Peguis, Chih. SGT*",0
-105.675556,26.917778,CHIH,PRRCH,"Observatorio de Parral, Chih.",0
-106.085556,28.656944,CHIH,QIJCH,"Observatorio de Chihuahua, Chih.",0
-107.973333,26.9425,CHIH,TBRSI,"San Francisco, Chih.",0
-107.85,28.95,CHIH,TMCCH,"Observatorio de TemÛsachic, Chih.",0
-107.384167,29.5625,CHIH,TNTCH,"El Tintero, Chih.",0
-107.9125,27.216667,CHIH,URECH,"Urique, Chih.",0
-105.16,26.738611,CHIH,VICCH,"Villa Coronado, Chih.",0
-105.773333,27.99,CHIH,VILLALBA,"Villalba, Chih. SGT*",0
-105.806944,27.454444,CHIH,VZRCH,"Valle de Zaragoza, Chih.",0
-92.804167,16.552778,CHIS,ACACP,"Acala, Chis.",0
-92.778889,16.401389,CHIS,ANGCP,"Doctor Belisario DomÌnguez, Chis.",0.8
-93.8975,16.241111,CHIS,AROCP,"Observatorio de Arriaga, Chis.",3.2
-93.427222,17.253611,CHIS,AZAPACCFE,"Aza-Pac, Chis. CFE*",368.7
-93.15,16.641944,CHIS,BOQCP,"BoquerÛn, Chis.",0.6
-92.716667,15.35,CHIS,CACCP,"Cacaluta, Chis.",14.7
-92.479167,16.308333,CHIS,CASCP,"Cascajal, Chis.",0.6
-92.483056,15.969167,CHIS,CATARINITAS,"Catarinitas, Chis. SGT*",10
-91.703333,17.472222,CHIS,CHACAMAX,"Chacamax, Chis. SGT*",412
-92.281389,15.750278,CHIS,CHICOMUSELO,"Chicomuselo, Chis. SGT*",8
-93.100556,16.941667,CHIS,CHICP,"Manuel Moreno Torres, Chis.",4.3
-92.283333,15.75,CHIS,CHMCP,"Chicomuselo, Chis.",4.7
-92.133333,16.233333,CHIS,COMITANob,"Observatorio de Comit·n, Chis. SMN*",5.2
-92.1,16.2,CHIS,COOCP,"Observatorio de Comit·n, Chis.",5
-93.906111,16.2425,CHIS,CREDARRIAGA,"Cred Arriaga, Chis. SMN*",0.5
-93.076389,16.166944,CHIS,CREDREVOLUCIONM,"Cred RevoluciÛn Mexicana, Chis. SMN*",0
-92.965278,15.727778,CHIS,CUXTEPEQUES,"Finca Cuxtepeques, Chis. SGT*",8.6
-92.575,15.204167,CHIS,DESCP,"Despoblado, Chis.",0
-92.925278,16.108333,CHIS,DORADOCFE,"El Dorado, Chis. CFE*",2.5
-92.95,15.495833,CHIS,ELNCP,"El Novillero, Chis.",0
-92.808056,15.656667,CHIS,ELTRIUNFO,"El Triunfo, Chis. SMN*",115.2
-92.829444,17.373056,CHIS,ESCALONCP,"El EscalÛn, Chis. SGT*",673.7
-92.666667,15.316667,CHIS,ESCCP,"Escuintla, Chis.",0
-92.67,15.33,CHIS,ESCUINTLA,"Escuintla, Chis. SMN*",4.75
-93.342222,17.216667,CHIS,EZAPATACFE,"Emiliano Zapata, Chis. CFE*",218.9
-92.325278,15.173889,CHIS,FHACP,"Finca Hamburgo, Chis.",95.2
-93.125,16.975,CHIS,GRICP,"Grijalva, Chis.",3.2
-92.402778,14.997222,CHIS,HUECP,"Huehuet·n, Chis.",4.3
-92.472222,15.133333,CHIS,HUICP,"Huixtla, Chis.",0.2
-92.72,15.886111,CHIS,JALTENANGO,"Jaltenango, Chis. SGT*",6.6
-92.725,15.866667,CHIS,JAPCP,"Jaltenango, Chis.",9.68
-93.381389,17.364167,CHIS,JDGCP,"Juan de Grijalva, Chis.",551.7
-92.898611,15.996389,CHIS,JSBCP,"Juan Sabines, Chis.",6.5
-93.560278,16.692778,CHIS,LASFLORESCFE,"Las Flores, Chis. CFE*",6.5
-93.598889,17.178611,CHIS,MALCP,"NezahualcÛyotl, Chis.",132.5
-92.883333,15.45,CHIS,MAPCP,"Mapastepec, Chis.",6.6
-92.2675,15.333333,CHIS,MOTOZINTLA,"Motozintla, Chis. SGT*",7.7
-93.631667,16.493889,CHIS,NVAPALESTINA,"Nueva Palestina, Chis. SGT*",5.8
-93.150556,17.220556,CHIS,OCOCP,"Ocotepec, Chis.",559.3
-92.3375,16.851111,CHIS,OXCHUC,"Oxchuc, Chis. SGT*",94.4
-93.861944,16.055278,CHIS,PAREDONmar,"ParedÛn, Chis. SEMAR*",0
-91.968056,15.848611,CHIS,PCOCP,"Puente Concordia, Chis.",14.4
-93.458611,17.446111,CHIS,PENCP,"¡ngel Albino Corzo, Chis.",311.2
-92.618056,16.7475,CHIS,QUIOSCO,"Quiosco, Chis. SGT*",15.8
-92.666667,15.916667,CHIS,REFCP,"Reforma, Chis.",3.4
-93.079167,16.158333,CHIS,REVCP,"RevoluciÛn Mexicana, Chis.",0
-92.35,17.566667,CHIS,SAACP,"Salto de Agua, Chis.",255.3
-93.231111,16.373611,CHIS,SANTUARIOCFE,"Santuario, Chis. CFE*",5.3
-93.383333,17.425,CHIS,SAYCP,"Sayula, Chis.",541.2
-92.633333,16.733333,CHIS,SCOCP,"Observatorio de San CristÛbal, Chis.",19.8
-92.616667,16.741667,CHIS,SCRCP,"Puente Morelos, Chis.",28.4
-93.056389,16.4525,CHIS,SDOCP,"Santo Domingo, Chis.",0
-92.308333,17.028611,CHIS,SITALA,"Sitala, Chis. SGT*",117.6
-93.085,17.561111,CHIS,SJOCP,"San JoaquÌn, Chis.",478.2
-92.239444,15.775,CHIS,SMICP,"San Miguel, Chis.",7.9
-93.591111,16.152222,CHIS,SMORENACFE,"Sierra Morena, Chis. CFE*",58.1
-92.820833,16.938889,CHIS,SNACP,"Santa MarÌa, Chis.",221.6
-93.034167,16.742778,CHIS,SUMIDEROCFE,"CaÒÛn del Sumidero, Chis. CFE*",0.3
-92.260556,14.908056,CHIS,TAPCP,"Tapachula, Chis.",0.7
-93.529167,15.875,CHIS,TPICP,"Tres Picos, Chis.",2.5
-93.1,16.761944,CHIS,TUXCP,"Tuxtla Oriente, Chis.",0.1
-93.147222,16.762778,CHIS,TUXTLAGTZob,"Observatorio de Tuxtla GutiÈrrez, Chis. SMN*",0
-93.133333,16.75,CHIS,TXOCP,"Observatorio de Tuxtla GutiÈrrez, Chis.",0.2
-93.414167,17.231111,CHIS,TZIMBACCFE,"Tzimbac, Chis. CFE*",375.5
-92.909722,17.178333,CHIS,UNIVERSIDADLIND,"Universidad Lindavista, Chis. SMN*",90.92
-93.330556,17.116667,CHIS,YAMCP,"YamonhÛ, Chis.",177.5
-101.057222,29.446944,COAH,AMSCL,"Internacional La Amistad, Coah.",0.52
-100.929722,25.561111,COAH,ARACL,"Ramos Arizpe Aeropuerto, Coah.",5
-101.116667,29.15,COAH,CBRCL,"Cabeceras, Coah.",0
-100.950278,29.327778,COAH,CDACL,"Ciudad AcuÒa, Coah.",0
-100.95,29.213611,COAH,CNTCL,"El Centenario, Coah.",0
-102.037778,26.990278,COAH,CUATROCIENEGAS,"Cuatro CiÈnegas, Coah. SMN*",0
-103.338333,25.695833,COAH,CUICL,"El Cuije, Coah.",0
-103.469167,25.542222,COAH,CYTCL,"Coyote, Coah.",0
-100.920833,25.436111,COAH,ESLCL,"SecretarÌa de Agricultura Saltillo, Coah.",11.71
-100.832222,28.82,COAH,LFGCL,"La Fragua, Coah.",0
-103.228056,25.527778,COAH,MATCL,"Matamoros, Coah.",0
-101.4225,26.908333,COAH,MCVCL,"Observatorio de Monclova, Coah.",13.4
-101.711389,28.013056,COAH,MORELOSMUZQUIZ,"Morelos M˙zquiz, Coah. SMN*",1
-100.5325,28.706667,COAH,PNGCL,"Observatorio de Piedras Negras, Coah.",7.6
-101.002222,27.422222,COAH,PRSCL,"Progreso, Coah.",9.01
-100.556944,28.667778,COAH,RIOESCONDIDOC,"RÌo Escondido Villa De Fuentes, Coah. CILA*",7.5
-100.634444,28.898611,COAH,RioSanRodrigoC,"RÌo San Rodrigo cerca El Moral, Piedras Negras Coah., CILA*",2
-100.575556,25.273333,COAH,SAACL,"San Antonio de las Alazanas, Coah.",13.6
-101.016667,25.376389,COAH,SALCL,"Observatorio de Saltillo, Coah.",11.6
-101.016667,25.376389,COAH,SALTILLOob,"Observatorio de Saltillo, Coah. SMN*",8.4
-100.730833,29.071944,COAH,SANDIEGOC,"San Diego Jimenez, Coah. CILA*",2
-101.122778,27.846667,COAH,SBNCL,"Sabinas, Coah.",4.52
-100.953889,29.034167,COAH,SMGCL,"San Miguel, Coah.",0
-103.699722,27.285278,COAH,SMJCL,"Sierra Mojada, Coah.",0
-102.979444,25.7575,COAH,SPECL,"San Pedro, Coah.",0
-101.016667,25.376389,COAH,STOCL,"Saltillo, Coah.",8.62
-103.45,25.541667,COAH,TORCL,"Observatorio de TorreÛn, Coah.",0
-100.95,27.519444,COAH,VCARRANZA,"Venustiano Carranza, Coah. SMN*",10.8
-100.616111,27.515,COAH,VCRCL,"Venustiano Carranza, Coah.",12.53
-102.808056,25.328333,COAH,VSCCL,"Viesca, Coah.",0
-103.613056,19.2475,COL,BVSCM,"Buenavista, Col.",0
-103.725556,18.758611,COL,CDOCM,"Cerro de Ortega, Col.",0
-103.702778,19.295,COL,CHNCM,"El Chanal, Col.",0
-103.757222,19.3175,COL,CMLCM,"Comala, Col.",0
-103.804167,19.2125,COL,CQMCM,"Coquimatl·n, Col.",0
-103.6,19.325,COL,CUACM,"CuauhtÈmoc, Col.",0.1
-103.884444,19.111389,COL,DJLCM,"Presa derivadora Jala, Col.",0
-110.953611,18.726667,COL,ISOCORROmar,"Isla Socorro, Col. SEMAR*",0.76
-103.866389,19.17,COL,LAECM,"La Esperanza, Col.",0
-103.774167,18.809167,COL,LDACM,"Laguna de Amela, Col.",0
-103.725278,19.223333,COL,LPSCM,"La Posta, Col.",0
-104.297778,19.069167,COL,MANZANILLOmar,"Manzanillo, Col. SEMAR*",0.25
-104.316667,19.046389,COL,MANZANILLOob,"Observatorio de Manzanillo, Col. SMN*",0.8
-104.318611,19.044444,COL,MNZCM,"Observatorio de Manzanillo, Col.",7
-103.8125,19.3275,COL,PNTCM,"PeÒitas, Col.",0
-104.100556,18.938611,COL,RDRCM,"Radar, Col.",0
-103.9175,19.463611,COL,SMANANTLANI,"Sierra Manatl·n 1, Jal. SMN*",7.4
-103.867778,18.911667,COL,TCMCM,"Tecom·n, Col.",0
-103.663333,19.2775,COL,TRPCM,"Trapiche, Col.",0
-99.329444,19.3225,DF,ACOPILCO,"Acopilco, Cd. de MÈx. UNAM*",4.11
-99.210278,19.218611,DF,AJSDF,"Ajusco, Cd. de MÈx.",1.01
-99.171667,19.453333,DF,CBIDF,"Escuela Nacional de Ciencias BiolÛgicas IPN, Cd. de MÈx. SMN*",12.93
-99.180556,19.346667,DF,CCUDF,"Universidad, Cd. de MÈx.",8.12
-98.999444,19.357222,DF,CDMDF,"C·rcel de Mujeres, Cd. de MÈx.",7.62
-99.1125,19.407778,DF,CDVDF,"Ciudad Deportiva, Cd. de MÈx.",20.32
-99.1375,19.516667,DF,CEADF,"Campamento Amealco, Cd. de MÈx.",7.42
-99.208333,19.155556,DF,CFSDF,"Caseta Forestal, Cd. de MÈx.",19.31
-99.1375,19.469722,DF,CMTDF,"Avenida Cien Metros, Cd. de MÈx.",7.36
-99.183333,19.486389,DF,CMYDF,"Campamento Mecoaya, Cd. de MÈx.",8.63
-99.134722,19.287778,DF,COAPA,"Coapa, Cd. de MÈx. UNAM*",0.44
-99.19,19.3375,DF,CONAGUAOFC,"Conagua Oficinas Centrales, Cd. de MÈx SGT*",5.86
-99.247222,19.306389,DF,CONTRERAS,"Contreras, Cd. de MÈx. UNAM*",1.41
-99.196111,19.406389,DF,CTMDF,"Observatorio de Tacubaya, Cd. de MÈx.",0.1
-99.09,19.190278,DF,CTNDF,"San Salvador Cuauhtenco, Cd. de MÈx.",0
-99.097222,19.193611,DF,CUAUHTENCO,"Cuauhtenco, Cd. de MÈx. UNAM*",3.25
-99.140833,19.549444,DF,CUAUTEPEC,"Cuautepec, Cd. de MÈx. UNAM*",6.18
-99.104722,19.282778,DF,CUEMANCO,"Cuemanco, Cd. de MÈx. UNAM*",0.33
-99.09,19.484167,DF,CYLDF,"Coyol, Cd. de MÈx.",10.92
-99.205,19.3,DF,DATDF,"DesviaciÛn Alta, Cd. de MÈx.",0
-99.310556,19.313056,DF,DDELOSLEONES,"Desierto de los Leones, Cd. de MÈx. SACMEX*",0
-99.131389,19.431111,DF,DDFDF,"Gobierno de la Ciudad de MÈxico, Cd. de MÈx.",6.85
-99.309167,19.313333,DF,DTLDF,"Desierto de los Leones, Cd. de MÈx.",0
-99.151944,19.300556,DF,EAZDF,"Estadio Azteca, Cd. de MÈx.",0
-99.203889,19.271389,DF,ECOGUARDAS,"Ecoguardas Ajusco, Cd. de MÈx. SMN*",2
-99.286389,19.3625,DF,EYQDF,"El Yaqui, Cd. de MÈx.",5.08
-99.352222,19.295,DF,EZCDF,"El Zarco, MÈx.",9.65
-99.091667,19.478056,DF,GCNDF,"km 6+250, Cd. de MÈx.",14.6
-99.250833,19.415833,DF,HERRADURA,"Herradura, MÈx. UNAM*",5.24
-99.2625,19.308056,DF,HYTDF,"Huayatla, Cd. de MÈx.",1.02
-99.119444,19.496389,DF,INDIOSVER,"Indios Verdes, Cd. de MÈx. UNAM*",13.96
-99.07,19.349722,DF,IZTAPALAPA,"Iztapalapa, Cd. de MÈx. UNAM*",4.65
-98.978611,19.357778,DF,LOSREYES,"Los Reyes, MÈx. UNAM*",6.36
-99.066667,19.377778,DF,LU4DF,"Lumbrera Cuatro RÌos (El Moral), Cd. de MÈx.",8.89
-99.3,19.340556,DF,LVNDF,"La Venta, Cd. de MÈx.",3.05
-99.283333,19.216667,DF,MAGDF,"Monte Alegre, Cd. de MÈx.",1.01
-99.133889,19.403333,DF,MCRDF,"Marcos Carrillo, Cd. de MÈx.",2.54
-99.1175,19.356389,DF,MEXICALTZI,"Mexicaltzingo, Cd. de MÈx. UNAM*",4.16
-99.043889,19.3375,DF,MEYEHUALCO,"Meyehualco, Cd. de MÈx. UNAM*",3.22
-99.0175,19.196667,DF,MILPAALTA,"Milpa Alta, Cd. de MÈx. UNAM*",2.15
-99.026944,19.187222,DF,MLPDF,"Milpa Alta, Cd. de MÈx.",1.77
-99.233056,19.187778,DF,MZTDF,"Planta Abasolo (Mezontepec), Cd. de MÈx.",0.5
-99.243333,19.473889,DF,NAUCALPAN,"Naucalpan, MÈx. UNAM*",7.37
-99.045,19.3025,DF,NOPALERA,"Nopalera, Cd. de MÈx. UNAM*",2.7
-99.096389,19.316389,DF,OCSDF,"Organismo de Cuenca Aguas del Valle de MÈcico Sur, Cd. de MÈx.",0
-99.071667,19.415,DF,PANTITLAN,"Pantitl·n, Cd. de MÈx. UNAM*",12.9
-99.100278,19.379167,DF,PBADF,"Planta de bombeo Aculco, Cd. de MÈx.",7.36
-99.057778,19.433333,DF,PBCDF,"Planta de bombeo Churubusco Lago, Cd. de MÈx.",10.42
-99.037778,19.38,DF,PBODF,"Planta de bombeo U.H. EjÈrcito de Oriente, Cd. de MÈx.",6.85
-99.170556,19.435556,DF,PBTDF,"Planta de bombeo Tizoc, Cd. de MÈx.",0.25
-99.201944,19.423889,DF,PCHAPULTEPEC,"Planta Chapultepec, Cd. de MÈx. SACMEX*",8.39
-99.2,19.413056,DF,PCHDF,"Planta Chapultepec, Cd. de MÈx.",8.89
-99.097222,19.455833,DF,PGNDF,"Planta Generadora 101, Cd. de MÈx.",16.26
-99.076389,19.336944,DF,PLEDF,"Planta de Tratamiento Cerro de La Estrella, Cd. de MÈx.",4.07
-99.068333,19.420278,DF,PLMDF,"Planta de bombeo LÛpez Mateos, Cd. de MÈx.",5.59
-99.126389,19.365278,DF,PMLDF,"Planta de bombeo Municipio Libre, Cd. de MÈx.",4.07
-99.090833,19.246389,DF,PNTDF,"Planta Nativitas, Cd. de MÈx.",1.27
-99.206111,19.436389,DF,POLANCO,"Polanco, Cd. de MÈx. UNAM*",9.78
-99.098889,19.384444,DF,PREPA2,"Prepa 2, Cd. de MÈx. UNAM*",14.22
-99.094722,19.482222,DF,PREPA3,"Prepa 3, Cd. de MÈx. UNAM*",12.94
-99.154444,19.513056,DF,PRMDF,"Planta de Tratamiento RÌo de La Magdalena, Cd. de MÈx.",1.77
-99.154444,19.513056,DF,PRRDF,"Planta de Tratamiento RÌo Remedios, Cd. de MÈx.",0
-99.023056,19.299167,DF,PSCDF,"Planta de Tratamiento Santa Catarina, Cd. de MÈx.",2.79
-99.163889,19.468889,DF,PSNDF,"Planta de bombeo Nueva Santa MarÌa, Cd. de MÈx.",12.44
-99.171111,19.263056,DF,PSPDF,"Pueblo San Pedro M·rtir, Cd. de MÈx.",1.52
-99.190278,19.509167,DF,PTRDF,"Planta de Tratamiento Rosario, Cd. de MÈx.",8.13
-99.126111,19.285833,DF,PVCDF,"Planta de bombeo Villa Coapa, Cd. de MÈx.",0
-99.143056,19.331944,DF,PXTDF,"Planta de bombeo Xotepingo, Cd. de MÈx.",1.26
-99.194167,19.296111,DF,RBTDF,"Rebombeo Bosque de Tlalpan, Cd. de MÈx.",1.01
-99.17,19.4,DF,RCMDF,"Radio ComunicaciÛn, Cd. de MÈx.",3.8
-99.279444,19.326389,DF,SANBARTOLO,"San Bartolo, Cd. de MÈx. Unam*, Cd. de MÈx. INIFAP*",3.23
-99.266111,19.306389,DF,SANBERNABE,"San BernabÈ, Cd. de MÈx. UNAM*",2.01
-99,19.166667,DF,SANDF,"Santa Ana, Cd. de MÈx.",0.25
-99.275,19.328611,DF,SBADF,"San Bartolo Ameyalco, Cd. de MÈx.",2.28
-99.028889,19.338333,DF,SCMDF,"Rebombeo La Quebradora (Santa Cruz Meyehualco), Cd. de MÈx.",6.85
-99.121944,19.571944,DF,SDEGUADALUPE,"Sierra de Guadalupe, Cd. de MÈx. SACMEX*",0
-99.122222,19.572222,DF,SGDDF,"Sierra Guadalupe, Cd. de MÈx.",0
-99.046389,19.253611,DF,SGREGORIO,"San Gregorio, Cd. de MÈx. UNAM*",1.23
-99.066667,19.466667,DF,SJADF,"San Juan de AragÛn, Cd. de MÈx.",8.71
-99.009722,19.281389,DF,SPPDF,"San Pedro Tl·huac, Cd. de MÈx.",2.28
-98.960556,19.320833,DF,SSCDF,"La Caldera SubestaciÛn elÈctrica Santa LucÌa, MÈx.",2.02
-99.196389,19.403611,DF,TACUBAYAob,"Observatorio de Tacubaya, Cd. de MÈx. SMN*",7.4
-99.141389,19.344444,DF,TAXQUENA,"TaxqueÒa, Cd. de MÈx. UNAM*",3.44
-99.1425,19.556111,DF,TCMDF,"Tanque Chalmita, Cd. de MÈx.",5.58
-99.272222,19.373056,DF,TECDF,"Tanque el Cartero, Cd. de MÈx.",6.85
-99.246389,19.333889,DF,TELDF,"Tanque el Lienzo, Cd. de MÈx.",8.89
-99.098889,19.385556,DF,TEZDF,"Tezontle, Cd. de MÈx. SMN*",4.06
-99.211667,19.399167,DF,TNGDF,"Tri·ngulo, Cd. de MÈx.",15.74
-99.152778,19.208611,DF,TOPILEJO,"Topilejo, Cd. de MÈx. UNAM*",3.05
-99.135833,19.199444,DF,TPJDF,"Topilejo, Cd. de MÈx.",0
-99.084722,19.440833,DF,TPNDF,"Tanque PeÒÛn, Cd. de MÈx.",10.66
-99.2125,19.361944,DF,TRGDF,"Tarango, Cd. de MÈx.",0
-99.248611,19.316667,DF,TSFDF,"Tanque San Francisco, Cd. de MÈx.",1.78
-99.228611,19.436389,DF,TSJDF,"Tanque San JoaquÌn, Cd. de MÈx.",9.39
-99.264444,19.359722,DF,TSLDF,"Santa Fe (Santa LucÌa), Cd. de MÈx.",8.64
-98.970833,19.210278,DF,TTLDF,"Tetelco, Cd. de MÈx.",0
-99.01,19.250278,DF,TULYEHUALC,"Tulyehualco, Cd. de MÈx. UNAM*",2.64
-99.211667,19.510278,DF,VDCDF,"Vaso de Cristo, MÈx.",0
-99.106667,19.250278,DF,XOCHIMILCO,"Xochimilco, Cd. de MÈx. UNAM*",1.9
-104.810278,24.538333,DGO,CBRDR,"Caboraca, Dgo.",0
-104.123333,26.521667,DGO,CEBDR,"Ceballos, Dgo.",0
-103.521667,25.533333,DGO,CLRDR,"Ciudad Lerdo, Dgo.",0
-103.698889,24.871944,DGO,CNCDR,"CuencamÈ, Dgo.",0
-104.75,24.5,DGO,CNTDR,"Canatl·n, Dgo.",0
-104.666667,24.033333,DGO,DRGDR,"Durango, Dgo.",0
-104.599722,24.094722,DGO,DURANGOob,"Observatorio de Durango, Dgo. SMN*",0
-103.960833,24.001667,DGO,FVLDR,"Francisco Villa, Dgo.",0
-103.773611,25.270833,DGO,FZRDR,"Francisco Zarco, Dgo.",0
-105.25,25.5,DGO,GESDR,"General Escobedo, Dgo.",0
-105.955556,25.934722,DGO,GNCDR,"GuanacevÌ, Dgo.",0
-104.9225,24.803889,DGO,GUADR,"GuatimapÈ, Dgo.",0
-104.753056,23.961111,DGO,GVCDR,"Presidente Guadalupe Victoria, Dgo.",0
-105.015833,25.594167,DGO,LCRDR,"L·zaro C·rdenas, Dgo.",0
-103.283889,25.068056,DGO,LFLDR,"La Flor, Coah.",0
-106.7,25.35,DGO,LHRDR,"La Huerta, Dgo.",0
-103.7475,26.686389,DGO,MAPIMI,"MapimÌ, Dgo. SMN*",0.2
-104.246944,23.387778,DGO,MICHILIA,"La Michilia, Dgo. SMN*",3
-103.85,25.816667,DGO,MPMDR,"MapimÌ, Dgo.",0
-105.041667,23.834167,DGO,NAVDR,"NavÌos Viejos, Dgo.",0
-103.736944,24.401111,DGO,NIRDR,"Granja Nirvana, Dgo.",0
-104.113889,25.225556,DGO,NZSDR,"Nazas, Dgo.",0
-104.656667,24.203889,DGO,PAGDR,"PeÒa del ¡guila, Dgo.",0.02
-104.034167,24.791111,DGO,PBLDR,"PeÒÛn Blanco, Dgo.",0
-104.333056,24.538333,DGO,PDCDR,"P·nuco de Coronado, Dgo.",0.01
-104.558333,25.181944,DGO,RDODR,"Rodeo, Dgo.",0
-105.443056,25.225,DGO,SACDR,"SalomÈ Acosta, Dgo.",0.01
-102.774444,24.631389,DGO,SANJUANGPE,"San Juan Guadalupe, Dgo. SMN*",0
-104.675833,23.874444,DGO,SBYDR,"Santiago Bayacora, Dgo.",0
-103.353056,24.469167,DGO,SCLDR,"Santa Clara, Dgo.",0
-104.054444,23.623056,DGO,SELDR,"Santa Elena, Dgo.",0
-105.560833,26.436667,DGO,SGBDR,"San Gabriel, Dgo.",0
-102.778056,24.630556,DGO,SJGDR,"San Juan de Guadalupe, Dgo.",0
-105.353333,23.691111,DGO,SLTDR,"El Salto, Dgo.",5.5
-105.366667,25.953333,DGO,SMODR,"Santa MarÌa del Oro, Dgo.",0
-105.422222,25.0375,DGO,SPPDR,"Santiago Papasquiaro, Dgo.",0
-105.566667,26.084444,DGO,SRDDR,"Sardinas, Dgo.",0
-106.538056,24.702222,DGO,TDRDR,"El Tule del Real, Dgo.",0
-102.785,24.563056,DGO,TGRDR,"El Tigre, Dgo.",0
-103.441667,26.1125,DGO,THODR,"Tlahualilo, Dgo.",0
-105.725,25.341111,DGO,TLHDR,"Observatorio de Tepehuanes, Dgo.",0
-106.975,24.933333,DGO,TMZDR,"Tamazula, Dgo.",0
-103.979722,23.737778,DGO,VGCDR,"Vicente Guerrero, Dgo.",0.01
-104.928889,26.2425,DGO,VHGDR,"Villa Hidalgo, Dgo.",0
-105.506111,26.447778,DGO,VOCDR,"Villa Ocampo, Dgo.",0
-103.836111,24.736667,DGO,YRBDR,"Yerbanis, Dgo.",0
-99.906667,16.849722,GRO,ACAGR,"Acapulco, Gro.",0
-99.516944,17.576389,GRO,AERGR,"Observatorio de Chilpancingo Aeropuerto, Gro.",0
-100.5175,18.075833,GRO,AFIGR,"AndrÈs Figueroa, Gro.",0
-98.975278,17.719722,GRO,AHUGR,"Ahuacuotzingo, Gro.",8.6
-100.433333,17.210278,GRO,ATYGR,"Atoyac, Gro.",43.5
-99.1,16.949444,GRO,AYUGR,"Ayutla, Gro.",8.5
-99.400833,18.459444,GRO,BVSGR,"Buena Vista, Gro.",0
-100.664444,18.359444,GRO,CALGR,"Ciudad Altamirano, Gro.",0
-99.701111,17.672222,GRO,CCHGR,"Chichihualco, Gro.",2
-100.089444,17.008889,GRO,CDBGR,"Coyuca de BenÌtez, Gro.",0
-99.5,17.545278,GRO,CHIGR,"Chilpancingo, Gro.",1.5
-99.175833,17.608611,GRO,CHLGR,"Chilapa, Gro.",1.7
-98.411944,16.47,GRO,CNLGR,"Cuajinicuilapa, Gro.",16.5
-101.054444,17.376944,GRO,CYQGR,"Coyuquilla, Gro.",0
-99.995556,17.947778,GRO,ECAGR,"Ing. Carlos RamÌrez Ulloa, Gro.",1.8
-99.686111,17.148056,GRO,ELPUENTECFE,"El Puente, Gro. CFE*",0.6
-99.332778,18.3025,GRO,HTZGR,"Huitzuco, Gro.",0
-99.55,18.349722,GRO,IGLGR,"Iguala, Gro.",0.4
-99.524167,18.360278,GRO,IGUALA,"Iguala, Gro. SMN*",0.25
-98.513333,17.6225,GRO,IXTGR,"Ixcateopan de Tlapa, Gro.",0.6
-99.235,16.76,GRO,LDGGR,"Las Vigas, Gro.",0
-99.369167,17.471111,GRO,MCHGR,"Mochitl·n, Gro.",0
-99.799722,16.8,GRO,ODAGR,"Observatorio de Acapulco, Gro.",0
-99.5,17.6,GRO,ODZGR,"Observatorio de Zumpango, Gro.",14
-98.735,17.777222,GRO,OLNGR,"Olinal·, Gro.",13
-99.45,17.483333,GRO,PETGR,"Petaquillas, Gro.",4
-99.591667,17.938889,GRO,PUENTEMEZCALCFE,"Puente Mezcal, Gro. CFE*",4.2
-98.500556,16.655833,GRO,QTZGR,"Quetzala, Gro.",0.1
-99.166111,16.823611,GRO,RMEGR,"RevoluciÛn Mexicana, Gro.",0
-100.472778,17.139444,GRO,SJEGR,"San JerÛnimo, Gro.",6.7
-99.482778,16.796389,GRO,SNMGR,"San Marcos, Gro.",0
-99.605278,18.554444,GRO,TAXGR,"Taxco, Gro.",13
-99.526389,17.1675,GRO,TCOGR,"Tierra Colorada, Gro.",0
-99.976389,17.789722,GRO,TLAGR,"Tlacotepec, Gro.",7.5
-98.6,17.5,GRO,TLPGR,"Tlapa, Gro.",4.4
-99.399444,17.568056,GRO,TXTGR,"Tixtla, Gro.",14.8
-100.265833,18.382778,GRO,VGRGR,"Vicente Guerrero, Gro.",0
-99.466111,18.295833,GRO,VTRGR,"Valerio Trujano, Gro.",0
-98.488333,17.903889,GRO,XXHGR,"Xochihuehuetl·n, Gro.",4.7
-99.933333,17.603333,GRO,YXTGR,"Yextla, Gro.",0
-101.548889,17.645278,GRO,ZHTGR,"Zihuatanejo, Gro.",0
-101.536667,20.446944,GTO,ABSGJ,"Abasolo, Gto.",8
-100.712222,20.0325,GTO,ACNGJ,"Ac·mbaro, Gto.",0.02
-100.683333,20.533333,GTO,AEGGJ,"Apaseo el Grande, Gto.",0
-100.5825,20.553889,GTO,AMCGJ,"Ameche, Gto.",0.01
-100.620833,20.454167,GTO,APSGJ,"Apaseo el Alto, Gto.",0
-101.625556,20.499167,GTO,ATBGJ,"Agua Tibia, Gto.",0.01
-101.631667,21.2925,GTO,BARBOSA,"Barbosa, Gto. ProtecciÛn Civil*",0.76
-101.838333,21.048611,GTO,BRRGJ,"El Barrial, Gto.",0.02
-100.816667,20.536389,GTO,CLYGJ,"Celaya, Gto.",0
-101.474722,21.068056,GTO,COMGJ,"Comanjilla, Gto.",0
-100.363333,20.198333,GTO,CORGJ,"Coroneo, Gto.",0
-101.666667,20.616667,GTO,CRMGJ,"Cuer·maro, Gto.",4
-100.962778,20.487778,GTO,CRTGJ,"Cort·zar, Gto.",0
-100.9,20.95,GTO,CSRGJ,"Cinco SeÒores, Gto.",0.01
-101.6675,21.195556,GTO,CSTGJ,"Los Castillos, Gto.",0.02
-100.933333,21.15,GTO,DHGGJ,"Dolores Hidalgo, Gto.",0
-101.835278,21.05,GTO,EBAGJ,"El Barrial, Gto.",0
-100.9,20.279722,GTO,ECBGJ,"El Cubo, Gto.",0.01
-101.244444,20.872222,GTO,ECHGJ,"El ChapÌn, Gto.",0.02
-101.37,20.715833,GTO,ECNGJ,"El Conejo, Gto.",0.8
-101.678889,21.173611,GTO,EPLGJ,"El Palote, Gto.",0
-101.996667,20.800556,GTO,FRIAS,"FrÌas, Gto. ProtecciÛn Civil*",0.25
-101.7425,20.439167,GTO,GLNGJ,"La Golondrina, Gto.",1
-101.266111,21.014167,GTO,GTOGJ,"Observatorio de Guanajuato, Gto.",1.03
-100.825833,20.848056,GTO,IALGJ,"Ignacio Allende, Gto.",0.05
-101.35,20.683333,GTO,IRPGJ,"Irapuato, Gto.",3
-100.518333,20.145556,GTO,JCRGJ,"JerÈcuaro, Gto.",0
-101.844167,20.675278,GTO,LADGJ,"Las Adjuntas, Gto.",0.01
-101.073056,20.286944,GTO,LDYGJ,"Laguna de Yuriria, Gto.",0
-101.693333,21.136389,GTO,LENGJ,"LeÛn, Gto.",0.01
-100.883611,20.398333,GTO,LGVGJ,"Presa la Gavia, Gto.",0
-101.358889,20.276111,GTO,LJIGJ,"Las JÌcamas, Gto.",0
-101.107778,21.324167,GTO,LQMGJ,"La Quemada, Gto.",0
-101.931111,20.507222,GTO,MABGJ,"Mariano Abasolo, Gto.",0
-100.501944,21.223611,GTO,MINERALPOZOS,"Mineral de Pozos, Gto. ProtecciÛn Civil*",0.25
-101.48,21.65,GTO,OCMGJ,"Ocampo, Gto.",0
-101.111389,20.5225,GTO,PERGJ,"Pericos, Gto.",2.8
-100.878333,21.105,GTO,PNLGJ,"PeÒuelitas, Gto.",0
-100.496111,21.22,GTO,POZGJ,"Pozos, Gto.",0.08
-101.287778,20.867222,GTO,PRSGJ,"La PurÌsima, Gto.",0
-101.216667,21.483333,GTO,SFEGJ,"San Felipe, Gto.",0
-101.016667,20.4,GTO,SJLGJ,"Santa Julia, Gto.",0
-101.199444,20.565833,GTO,SLMGJ,"Salamanca, Gto.",1.82
-100.516667,21.3,GTO,SLPGJ,"San Luis de la Paz, Gto.",0
-100.669722,20.055278,GTO,SLSGJ,"SolÌs, Gto.",0.01
-100.885833,20.216667,GTO,SLVGJ,"Salvatierra, Gto.",0.01
-101.016389,20.430833,GTO,SMAGJ,"San Miguel de Allende, Gto.",0.01
-100.745833,20.577778,GTO,SMOGJ,"San Miguel Octopan, Gto.",0
-101.066944,20.298333,GTO,SRTGJ,"Santa Rita, Gto.",0.01
-101.3,20.6,GTO,TEMGJ,"TemascatÌo, Gto.",2
-101.178889,20.382778,GTO,VDSGJ,"Valle de Santiago, Gto.",0.01
-100.0925,21.298889,GTO,XICGJ,"Xich˙, Gto.",0.04
-98.941667,20.268056,HGO,ACTHD,"Actopan, Hgo.",0
-98.348056,21.019444,HGO,ATCHD,"Atlapexco, Hgo.",68
-99.36,20.163889,HGO,ENDHD,"EndhÛ, Hgo.",0.01
-98.076111,20.46,HGO,HHTHD,"Huehuetla, Hgo.",42
-98.466111,19.728611,HGO,ITESAAPAN,"ITESA Apan, Hgo. SMN*",3.4
-99.220833,20.481944,HGO,IXMHD,"Ixmiquilpan, Hgo.",0
-98.128333,20.135833,HGO,LAGUNA,"La Laguna, Hgo. FENIX*",23.7
-98.757222,20.591667,HGO,LMTHD,"Metztitl·n, Hgo.",1.31
-99.218611,20.2375,HGO,MXQHD,"Mixquiahuala, Hgo.",0.01
-98.6,21.166667,HGO,ORZHD,"San Felipe Orizatl·n, Hgo.",107.74
-98.7475,20.123333,HGO,PCOHD,"Observatorio de Pachuca, Hgo.",0.5
-98.334722,20.0575,HGO,PERHD,"La Esperanza, Hgo.",1.46
-99.329444,20.359722,HGO,PRGHD,"Javier Rojo GÛmez, Hgo.",0
-99.310833,19.963056,HGO,PRQHD,"Requena, Hgo.",1.03
-99.375833,20.435556,HGO,PVAHD,"Vicente Aguirre, Hgo.",0
-98.369444,20.083333,HGO,TLGHD,"Observatorio de Tulancingo, Hgo.",1.71
-99.385278,19.834722,HGO,TXMHD,"Taxhimay, MÈx.",2.03
-98.647222,20.652778,HGO,ZXTHD,"Zacualtip·n, Hgo.",46.5
-102.436944,21.599444,JAL,AJJJL,"Ajoj˙car, Jal.",0
-103.091944,20.397222,JAL,ATQJL,"Atequiza, Jal.",0.01
-103.446389,20.746667,JAL,BAZJL,"Base AÈrea Zapopan, Jal.",0.6
-104.061111,19.913611,JAL,BBAJL,"Basilio Vadillo, Jal.",0
-103.724444,22.406111,JAL,BCSJL,"Bocas, Jal.",0.3
-103.782778,21.831667,JAL,BLNJL,"BolaÒos, Jal.",0
-103.465278,19.697778,JAL,CGZJL,"Observatorio de Ciudad Guzm·n, Jal.",0.3
-105.044722,19.498611,JAL,CHAMELA,"Chamela Cuixmala, Jal. SMN*",0.2
-102.774167,19.287778,JAL,CHLMC,"ConstituciÛn de Apatzing·n, Jal.",0
-104.566667,19.233333,JAL,CIHJL,"Cihuatl·n, Jal.",0
-103.25,22.133333,JAL,CLTJL,"Observatorio de Colotl·n, Jal.",0.4
-105.129722,19.9975,JAL,CPEJL,"CajÛn de PeÒa, Jal.",0
-104.780833,20.479722,JAL,CRNJL,"Corrinchis, Jal.",1.01
-101.7375,21.497778,JAL,CRTJL,"El Cuarenta, Jal.",0.7
-105.218333,20.593333,JAL,CULJL,"Cuale, Jal.",25.61
-102.85,21.133333,JAL,CUNJL,"La CuÒa, Jal.",1.9
-103.45,21.066667,JAL,CXTJL,"Cuixtla, Jal.",0.01
-102.976111,20.681389,JAL,EGCJL,"Ing. ElÌas Gonz·lez Ch·vez, Jal.",0.01
-103.354444,20.680556,JAL,GUAJL,"Guadalajara Centro, Jal.",0
-103.392778,20.706667,JAL,GUCJL,"Observatorio de Guadalajara, Jal.",0
-103.651111,20.466944,JAL,HRTJL,"Hurtado, Jal.",0
-102.25,20.483333,JAL,HUAJL,"Huascato, Jal.",4.5
-102.705833,20.293889,JAL,JMYJL,"Jamay, Jal.",0.01
-103.201667,20.290556,JAL,LDCJL,"Lago de Chapala, Jal.",0
-101.919722,21.359722,JAL,LDMJL,"Lagos de Moreno, Jal.",0.3
-101.941944,21.348333,JAL,LMORENOob,"Observatorio de Lagos de Moreno, Jal. SMN*",0.2
-103.590833,19.592222,JAL,NEVADOCOLIMA,"Nevado de Colima, Jal. SMN*",1.4
-101.916667,21.366667,JAL,OLMJL,"Observatorio de Lagos de Moreno, Jal.",0
-103.361667,20.583889,JAL,PITJL,"ProtecciÛn a Infraestructura y AtenciÛn a Emergencias, Jal.",0
-104.105833,21.196944,JAL,PLYJL,"Ing. Alfredo ElÌas Ayub, Jal.",0
-104.05,20.55,JAL,RAMJL,"RÌo Ameca, Jal.",3.76
-105.133611,19.998611,JAL,RIOTOMATLAN,"RÌo Tomatl·n, Jal. SMN*",0
-101.85,21.35,JAL,SAUJL,"La Sauceda, Jal.",0.01
-102.5,21.3,JAL,SGRJL,"San Gaspar de los Reyes, Jal.",0
-103.705556,20.908889,JAL,SRSJL,"Manuel M. DiÈguez, Jal.",0
-102.583333,21.45,JAL,TCAJL,"Teocaltiche, Jal.",0.01
-104.320278,20.036111,JAL,TCTJL,"Tacot·n, Jal.",1
-103.044167,20.169167,JAL,TIZJL,"Tizap·Ån, Jal. SMN*",0
-103.316667,20.583333,JAL,TLAJL,"Tlaquepaque, Jal.",0
-103.419444,20.4425,JAL,TLAJOMULCO,"Tlajomulco, Jal. SMN*",0
-104.370278,19.976111,JAL,TMLJL,"RamÛn Corona Madrigal General, Jal.",0
-103.396667,18.967222,JAL,TRJCM,"Solidaridad, Jal.",0
-103.845833,20.596389,JAL,VEGJL,"Ing. Santiago Camarena, Jal.",0
-102.729444,20.395278,JAL,ZULJL,"Zula rÌo, Jal.",0
-99.377222,19.377222,MEX,2RSMX,"Dos RÌos, MÈx.",0
-99.216667,19.566667,MEX,ARBMX,"Las Arboledas, MÈx.",6.51
-98.912222,19.543611,MEX,ATEMX,"Atenco, MÈx.",4.41
-99.866667,19.783333,MEX,ATLMX,"Atlacomulco, MÈx. SMN*",2.9
-99.866667,19.783333,MEX,ATPMX,"Atlacomulco Prepa., MÈx.",17.5
-99.184722,19.580833,MEX,BARRIENTOS,"Planta de Bombeo Barrientos, MÈx. SACMEX*",8.89
-99.589444,19.775,MEX,BUFMX,"La ConcepciÛn, MÈx.",6
-99.7,19.333333,MEX,CALMX,"Calixtlahuaca, MÈx.",21.82
-99.52,19.566389,MEX,CCAMX,"Cerro Catedral, MÈx. SMN*",26.6
-99.298611,19.406667,MEX,CDBMX,"CaÌda del Borracho, MÈx.",11.68
-99.298611,19.406667,MEX,CDELBORRACHO,"CaÌda del Borracho, MÈx. SACMEX*",11.43
-99.511667,19.205,MEX,CGCMX,"Gerencia Conagua CODAGEM, MÈx.",3.52
-99.4675,18.795833,MEX,CHDMX,"Colonia Hidalgo, MÈx",3.21
-99.041667,19.593889,MEX,CHICONAUTLAI,"Chiconautla 1, MÈx. SACMEX*",0
-100.152778,19.350556,MEX,CHIMX,"Chilesdo, MÈx.",5.3
-98.884722,19.483333,MEX,CHPMX,"Chapingo, MÈx.",12.1
-99.239444,19.534167,MEX,CLYMX,"Calacoaya, MÈx.",11.2
-99.304444,19.695,MEX,CNPMX,"La ConcepciÛn, MÈx.",6
-99.631667,19.292222,MEX,COBMX,"Observatorio de Toluca, MÈx.",5.01
-100.225,19.178889,MEX,COLMX,"Colorines, MÈx.",6.5
-99.559722,19.884722,MEX,DNXMX,"DanxhÛ, MÈx.",11
-99.334444,19.383611,MEX,ELVENADO,"El Venado, MÈx. SACMEX*",5.07
-99.238333,19.453611,MEX,EMOMX,"El Molinito RÌo Hondo, MÈx.",0
-99.252222,19.635556,MEX,GDLMX,"Sierra de Guadalupe, MÈx.",7
-98.917222,19.578889,MEX,GRDMX,"La Grande, MÈx.",11.11
-99.696944,20.046389,MEX,HPNMX,"Huapango, MÈx.",2.53
-99.769444,19.5675,MEX,IXCMX,"Ixtlahuaca, MÈx.",7.62
-99.562778,19.117222,MEX,IXTAPANTONGOCFE,"Ixtapantongo, MÈx. CFE*",6.2
-98.643056,19.095556,MEX,IXTAPOPO,"Ixtapopo, MÈx. SMN*",19.6
-99.05,19.633333,MEX,K27MX,"km 27+250, MÈx.",25.32
-100.075833,19.383333,MEX,LBEMX,"Los Berros, MÈx.",1.72
-99.220833,19.477778,MEX,MBLMX,"Molino Blanco, MÈx.",6.01
-99.683333,19.116667,MEX,NEVMX,"Nevado de Toluca, MÈx. SMN*",19.56
-99.193611,19.616667,MEX,OBSMX,"San MartÌn Obispo, MÈx.",7
-99.420833,18.990833,MEX,OCUMX,"Ocuil·n de Arteaga, MÈx",29.03
-99.254722,19.429722,MEX,PALMASDF,"Palmas, MÈx. SACMEX*",3.31
-99.175,19.575,MEX,PBTMX,"Planta de bombeo Barrientos, MÈx.",9.14
-99.025,19.65,MEX,PCCMX,"Planta Chiconautla 2, MÈx.",11.94
-99.181944,19.743056,MEX,PCGMX,"Puente Colgante, MÈx.",8.5
-99.010278,19.636944,MEX,PCTMX,"Planta Chiconautla 1, MÈx.",0.25
-99.728333,18.928333,MEX,PDZMX,"Porfirio DÌaz, MÈx.",16
-99.790278,19.829167,MEX,PFBMX,"Francisco JosÈ Trinidad Fabela, MÈx.",5
-99.775,19.461667,MEX,PIRMX,"Ignacio RamÌrez, MÈx.",21.01
-99.248889,19.429444,MEX,PLMMX,"Palmas, MÈx.",3.81
-99.260833,19.526944,MEX,PMDMX,"MadÌn, MÈx.",11.2
-99.739722,20.124167,MEX,PMNMX,"El Molino, MÈx.",3.03
-99.864444,20.038611,MEX,PNDMX,"—adÛ, MÈx.",14.01
-99.268056,19.524444,MEX,PREMX,"Presa MadÌçn, MÈx. SMN*",7.2
-99.283333,19.453611,MEX,PTLMX,"Presa Totolica, MÈx.",9.51
-99.603333,19.213333,MEX,RECMX,"RectorÌa, MÈx.",11.61
-98.911111,19.530556,MEX,SADMX,"San AndrÈs, MÈx.",5.5
-99.704722,19.465833,MEX,SBBMX,"JosÈ Antonio Alzate, MÈx.",39
-99.764722,19.238333,MEX,SJHMX,"San Juan de las Huertas, MÈx.",47
-98.870833,19.190278,MEX,SLAMX,"San Luis Ameca, MÈx.",0.41
-99.741667,19.591667,MEX,SLBMX,"San Bartolo del Llano, MÈx.",1
-99.8,19.633333,MEX,SMLMX,"Santa MarÌa del Llano, MÈx.",41.01
-99.285,19.574444,MEX,SNJMX,"San Juan, MÈx",0
-98.858611,19.644722,MEX,SNLMX,"San Lucas, MÈx",3
-99.799167,19.343056,MEX,TBRMX,"Tres Barrancas, MÈx.",1.8
-99.935833,18.931389,MEX,TESMX,"Texcaltitl·n, MÈx.",34.71
-99.905278,19.856944,MEX,TJCMX,"El Tejocote, MÈx.",4.61
-100.022778,19.904444,MEX,TM2MX,"Temascalcingo, MÈx.*",0
-99.714167,19.291111,MEX,TOLUCAob,"Observatorio de Toluca, MÈx. SMN*",3.6
-99.283333,19.453889,MEX,TOTMX,"Totolica, MÈx",9.51
-99.961389,19.660833,MEX,TPTMX,"San AndrÈs Tepetitl·n, MÈx.",14.02
-99.6125,19.429167,MEX,TROMX,"Trojes, MÈx.",9.9
-99.283056,19.4525,MEX,TTLMX,"Totolica hidromÈtrica, MÈx.",7.51
-99.123889,19.904722,MEX,TTQMX,"Tajo de Tequixquiac, MÈx",6.03
-99.213611,19.510833,MEX,VASOCRISTO,"Vaso de Cristo, MÈx. SACMEX*",0
-100.18,19.2075,MEX,VBRMX,"Valle de Bravo, MÈx.",6.8
-99.334167,19.382222,MEX,VNDMX,"El Venado, MÈx.",5.32
-100.055556,19.461667,MEX,VVCMX,"Villa Victoria, MÈx.",16.8
-100.608889,19.579722,MICH,AGOMC,"Agostitl·n, Mich.",4.4
-101.661111,19.926111,MICH,AMEMC,"Aristeo Mercado, Mich.",0
-102.371111,19.083056,MICH,APTMC,"Apatzing·n, Mich.",1.01
-102.419167,20.183889,MICH,BIBMC,"Barraje de Ibarra, Mich.",0
-101.461389,20.324167,MICH,CBLMC,"Casa Blanca, Mich.",7.81
-102.265278,19.973611,MICH,CHAMC,"Chaparaco, Mich.",0
-100.55,19.7,MICH,CHIMC,"Ciudad Hidalgo, Mich.",7.5
-101.259167,19.629722,MICH,COIMC,"CoÌntzio, Mich.",12.32
-101.861667,20.207222,MICH,CORMC,"Corrales, Mich.",0.03
-100.421111,19.387778,MICH,DBOMC,"El Bosque, Mich.",10.5
-100.45,19.966667,MICH,EGIMC,"El Gigante, Mich.",0
-102.541389,19.979167,MICH,GUAMC,"Guaracha, Mich.",0
-101.883333,18.266667,MICH,INFMC,"Infiernillo, Mich.",0
-102.601944,19.958333,MICH,JARMC,"Jaripo, Mich.",0
-101.626667,20.248889,MICH,LANMC,"Los ¡ngeles, Mich.",0
-102.865556,19.210833,MICH,LOLMC,"Los Olivos, Mich.",0
-102.004444,20.354444,MICH,LPDMC,"La Piedad, Mich.",5.3
-102.133333,18.848611,MICH,LPNMC,"Los Panches, Mich.",4.7
-102.2,18.8,MICH,LPSMC,"La PastorÌa, Mich.",0
-101.2,18.8,MICH,LPZMC,"Los Pinzanes, Mich.",0
-101.1,19.7,MICH,MCEMC,"Morelia Centro, Mich.",2.02
-101.461389,20.323333,MICH,MKZMC,"Markazuza, Mich. SGT*",0
-100.873611,19.829167,MICH,MLPMC,"MalpaÌs, Mich.",3.9
-101.2,19.7,MICH,MNOMC,"Morelia Norte, Mich.",1.71
-101.724444,20.127222,MICH,MOCMC,"Melchor Ocampo, Mich.",0
-101.176111,19.688611,MICH,MORMC,"Observatorio de Morelia, Mich.",0
-100.879167,19.835556,MICH,MPSMC,"MalpaÌs, Mich. SGT*",1.6
-100.439167,19.890833,MICH,MRVMC,"MaravatÌo, Mich.",0
-102.325,19.964167,MICH,ORAMC,"Orandino, Mich.",0
-101.05,19.49,MICH,PDBMC,"Planta de Bombeo, Mich.",0.02
-101.6,20.3,MICH,PORMC,"Pastor Ortiz, Mich.",0.01
-100.684167,19.621389,MICH,PUCMC,"Pucuato, Mich.",8.01
-102.716667,20.066667,MICH,SAHMC,"Sahuayo, Mich.",0
-102.464722,20.208333,MICH,SCRMC,"San CristÛbal, Mich.",0
-102.651389,19.839444,MICH,SJUMC,"San Juanico, Mich.",0
-102.4,20.1,MICH,SSIMC,"San SimÛn, Mich.",0.01
-100.229167,20.000278,MICH,TEPMC,"Tepuxtepec, Mich.",0
-100.299167,19.766389,MICH,TMUMC,"Tercer Mundo, Mich.",0.2
-102.137778,19.962222,MICH,UREMC,"Urepetiro, Mich.",3.13
-102.079167,19.42,MICH,URUAPAN,"Uruapan, Mich. SMN*",1.2
-102.180278,18.048333,MICH,VILMC,"JosÈ MarÌa Morelos y PavÛn, Mich.",31.4
-101.45,19.55,MICH,VJIMC,"Villa JimÈnez, Mich.",1.21
-102.242222,20.339444,MICH,YURMC,"YurÈcuaro, Mich.",0
-102.284167,20.006667,MICH,ZAMMC,"Observatorio de Zamora, Mich.",0
-102.316667,19.983333,MICH,ZAMORAob,"Observatorio de Zamora, Mich. SMN*",0
-101.931944,18.921111,MICH,ZICMC,"Zicuir·n, Mich.",0
-98.829167,18.947222,MOR,ACHMR,"Achichipico, Mor.",1.02
-99.258056,18.734722,MOR,ALUMR,"Alpuyeca, Mor.",2.4
-99.376944,18.596111,MOR,AMCMR,"Amacuzac, Mor.",4.4
-98.771111,18.755278,MOR,AMIMR,"Amilcingo, Mor.",9
-99.463611,18.68,MOR,APAMR,"Apacingo, Mor.",3.01
-98.891389,18.931111,MOR,ATBMR,"Atlatlahuacan Bachillerato, Mor.",0
-98.928056,18.948889,MOR,ATLMR,"Atlatlahucan, Mor.",0.1
-98.955278,18.850556,MOR,CASMR,"Casasano, Mor.",0.31
-98.948889,18.808611,MOR,CUAMR,"Cuautla, Mor.",0.01
-99.2,18.9,MOR,CUEMR,"Cuernavaca, Mor.",5.1
-98.954444,18.817778,MOR,CUSMR,"Cuautla SMN, Mor.",0
-99.375556,18.701667,MOR,CUTMR,"Cuautlita, Mor.",0.01
-98.786667,18.690556,MOR,ELPMR,"El PeÒÛn, Mor.",3
-99.273611,18.503889,MOR,EZPMR,"Emiliano Zapata, Mor.",1.5
-99.180278,18.573889,MOR,HIGMR,"HiguerÛn, Mor.",1.3
-99.424167,18.608333,MOR,HUAMR,"Huajintl·n, Mor.",0
-98.75,18.883333,MOR,HUEMR,"Hueyapan, Mor.",6.61
-99.265,19.028889,MOR,HUIMR,"Huitzilac, Mor.",23.43
-99.025,18.441389,MOR,HUTMR,"Huautla, Mor.",31.22
-98.781667,18.936667,MOR,HUXMR,"Huecahuaxco, Mor.",3.51
-98.8,18.7,MOR,JNCMR,"Jonacatepec, Mor.",3.6
-99.2,18.6,MOR,JOJMR,"Jojutla, Mor.",3.71
-98.914444,18.683611,MOR,LCUMR,"La Cuera, Mor.",71.21
-99.4,18.7,MOR,MIAMR,"Miacatl·n, Mor.",0
-99.004722,18.727222,MOR,MYOMR,"Moyotepec, Mor.",6.55
-99.140833,18.519444,MOR,NEXMR,"Nexpa, Mor.",4.21
-99.031389,18.923333,MOR,OACMR,"Oacalco, Mor.",1.5
-98.901389,18.900556,MOR,OAXMR,"Oaxtepec, Mor.",6.5
-99.219167,18.908889,MOR,OBSMR,"Observatorio de Cuernavaca, Mor.",4.9
-98.758611,18.8825,MOR,OCTMR,"Ocuituco, Mor.",0.2
-99.433333,18.8675,MOR,PAPMR,"Palpan, Mor.",0.71
-99.322778,18.633333,MOR,PIXMR,"Puente de Ixtla, Mor.",8.01
-99.156944,18.771111,MOR,PROMR,"Progreso, Mor.",17.1
-99.331389,18.765278,MOR,RODMR,"El Rodeo, Mor.",3
-98.936111,18.541389,MOR,SHUAUTLA,"Sierra de Huautla, Mor. SMN*",7.4
-99.190556,18.918333,MOR,SLDMR,"Solidaridad, Mor.",3.81
-99.042778,18.580278,MOR,SPHMR,"San Pablo Hidalgo, Mor.",0
-99.223611,18.856944,MOR,TEMMR,"Temixco, Mor.",12.51
-98.710278,18.876389,MOR,TETMR,"Tetela del Volc·n, Mor.",1.3
-99.103889,18.794167,MOR,TICMR,"Ticum·n, Mor.",10.21
-99.306111,18.487778,MOR,TILMR,"Tilzapotla, Mor.",2.3
-98.943611,19.038056,MOR,TLCMR,"Tlacualera, Mor.",17.31
-98.75,18.813333,MOR,TLOMR,"Tlacotepec, Mor.",5.7
-98.786944,18.778056,MOR,TMCMR,"Temoac, Mor.",29
-99.093889,18.705833,MOR,TMPMR,"Temilpa, Mor.",0.02
-98.92,18.9875,MOR,TOTMR,"Totolapan, Mor.",0.3
-98.843611,18.596389,MOR,TPLMR,"Tepalcingo, Mor.",22
-99.072778,18.971389,MOR,TPZMR,"Tepoztl·n, Mor.",0
-99.250278,18.611111,MOR,TQGMR,"Tequesquitengo, Mor.",7.9
-99.248611,19.050556,MOR,TRESMARIAS,"Tres MarÌas, Mor. SMN*",13.4
-99.383611,18.73,MOR,VIAMR,"Vista Alegre, Mor.",2.3
-99.190278,18.528889,MOR,XICMR,"Xicatlacotla, Mor.",1.8
-99.25,18.683333,MOR,XXOMR,"Xoxocotla, Mor.",5.5
-99.050556,18.899167,MOR,YAHMR,"Yautepec, Mor.",1.21
-99.196667,18.651389,MOR,ZCTMR,"Observatorio de Zacatepec, Mor.",4.51
-104.802222,21.839167,NAY,AGMNR,"Aguamilpa Solidaridad, Nay.",5.5
-105.1125,21.831111,NAY,CAPNR,"Capomal, Nay.",0
-104.5,21.944167,NAY,CHPNR,"Chapalagana, Nay.",14.8
-104.450833,21.428333,NAY,CJNNR,"Leonardo RodrÌguez Alcaine, Nay.",2
-104.516944,22.250833,NAY,JMANR,"Jes˙s MarÌa, Nay.",0
-104.8875,21.780833,NAY,RSRNR,"San Rafael, Nay.",3
-105.285556,21.531389,NAY,SANBLASmar,"San Blas, Nay. SEMAR*",0.25
-104.891944,21.489444,NAY,TEPNR,"Observatorio de Tepic, Nay.",0
-99.680556,24.883333,NL,ADJNL,"Las Adjuntas, N.L.",24.75
-99.680556,24.897222,NL,ADJUNTASHUALA,"Las Adjuntas, N.L. SGT*",24.75
-100.134444,27.24,NL,ANHNL,"An·huac, N.L.",4.53
-99.816667,24.1,NL,ARRNL,"Aramberri, N.L.",1.24
-99.911667,24.321944,NL,ASCNL,"La AscensiÛn, N.L.",1
-99.743889,24.99,NL,CABNL,"Cabezones, N.L.",28
-99.578889,24.871944,NL,CAMNL,"Camacho, N.L.",22.22
-100.274722,25.800556,NL,CANNL,"El Canad·, N.L.",15
-99.439444,24.976111,NL,CARNL,"Carmen de los Elizondo Linares, N.L.",21.51
-99.276944,25.711667,NL,CCHNL,"Cuchillo Solidaridad, N.L.",32.01
-99.975,25.590278,NL,CDRNL,"Cadereyta, N.L.",44.41
-100.308333,25.7325,NL,CiudadUniv,"C.U., N.L. SAHM*",11.6
-99.399722,24.9375,NL,CPRNL,"JosÈ LÛpez Portillo, N.L.",31.9
-99.614167,26.091389,NL,CRVNL,"Cerralvo, N.L.",31.32
-100.172778,23.676389,NL,DARNL,"Doctor Arroyo, N.L.",2
-100.198056,25.5175,NL,ECSNL,"El Cerrito, N.L.",11.5
-100.083333,24.833333,NL,GALNL,"Galeana, N.L.",24.62
-100.128056,25.428056,NL,LBCNL,"Rodrigo GÛmez, N.L.",10.2
-99.527222,25.497222,NL,LERNL,"Las Enramadas, N.L.",22.03
-99.196667,26.022222,NL,MDRNL,"Madero, N.L.",31.12
-99.833333,25.174167,NL,MTMNL,"Montemorelos, N.L.",30.11
-100.118056,23.4225,NL,MYNNL,"Mier y Noriega, N.L.",5.3
-100.304722,25.733611,NL,OBSNL,"Observatorio de Monterrey, N.L.",26.5
-99.221667,24.992778,NL,PAMNL,"La Pamona, N.L.",24.01
-100.128889,25.429444,NL,PLABOCA,"Presa La Boca, N.L. SGT*",11.1
-100.372222,27.429167,NL,PSANL,"Salinillas, N.L.",12.53
-100.551111,25.028333,NL,SRANL,"San Rafael, N.L.",3
-99.777778,23.981389,NL,ZRGNL,"Zaragoza, N.L.",2
-97.720556,17.533611,OAX,AMTOX,"San Antonino Monte Verde, Oax.",5.7
-95.700556,16.010833,OAX,ASTOX,"Astata, Oax.",41.5
-96.1,17.016667,OAX,AYUOX,"Ayutla, Oax.",29.3
-96.721667,17.069722,OAX,BAEOX,"Base AÈrea, Oax.",7.2
-95.929167,16.647222,OAX,BOQOX,"Boquilla 1, Oax.",0
-98.278333,17.532778,OAX,CALOX,"Calihual·, Oax.",0
-96.263611,17.999167,OAX,CDOOX,"Miguel de la Madrid Hurtado, Oax.",77.73
-94.816667,16.583333,OAX,CHIOX,"Chicapa, Oax.",0.02
-97.023056,17.459167,OAX,CMTOX,"Santiago Camotl·n, Oax.",37.41
-96.721944,15.812222,OAX,COZOX,"San Francisco Cozoaltepec, Oax.",15.71
-96.658333,18.492778,OAX,CSPOX,"Cosolapa, Oax.",13.66
-96.388889,18.1525,OAX,DPSOX,"Dique Pescaditos, Oax.",57.2
-95.374444,16.434722,OAX,EMAOX,"El MarquÈs, Oax.",0
-97.819167,17.746389,OAX,FOYOX,"San Francisco Yosocuta, Oax.",28.1
-97.776111,17.806667,OAX,HDLOX,"Huajuapan de LeÛn, Oax.",15.7
-97.776111,17.806667,OAX,HLOOX,"Observatorio de Huajuapan de LeÛn, Oax.",6.4
-96.133889,15.748889,OAX,HUATULCOmar,"Huatulco, Oax. SEMAR*",10.16
-95.053889,16.503611,OAX,IXTALTEPEC,"Ixtaltepec, Oax. SGT*",7.2
-95.1,16.583333,OAX,IXTOX,"Ixtepec, Oax.",23.5
-96.2,17.866667,OAX,JACOX,"Jacatepec, Oax.",96.01
-95.397778,16.445556,OAX,JDMOX,"Presidente Benito Ju·rez, Oax.",0
-95.2,16.6,OAX,KM1OX,"km 33+190, Oax.",7
-95.716667,16.416667,OAX,KM2OX,"km 51+740, Oax.",4
-96.905556,18.210556,OAX,LCAOX,"La Carbonera, Oax.",0
-95.3,16.4,OAX,LPIOX,"Las Pilas, Oax.",0
-95.483333,17.45,OAX,MAROX,"MarÌa Lombardo, Oax.",23.13
-96.579722,16.344167,OAX,MIAHUATLAN,"Miahuatl·n, Oax. SMN*",0
-95.036389,16.882778,OAX,MROOX,"MatÌas Romero, Oax. SMN*",0
-97.249167,17.436667,OAX,NOCHISTLAN,"Nochistl·n, Oax. SMN*",1.6
-96.733333,17.066667,OAX,OACOX,"Oaxaca Centro, Oax.",8.02
-96.7,17.001389,OAX,OAOOX,"Observatorio de Aeropuerto Oaxaca, Oax.",12.4
-94.4,16.5,OAX,OSTOX,"Ostuta, Oax.",3.01
-96.083333,18.166667,OAX,PAPOX,"Papaloapan, Oax.",40.73
-96.716667,17.072778,OAX,PIAOX,"Organismo de Cuenca PacÌfico Sur PIAE, Oax.",8.1
-96.483333,15.666667,OAX,PTAOX,"Observatorio de Puerto ¡ngel, Oax.",0
-95.481389,16.585278,OAX,RHOOX,"RÌo Hondo, Oax.",0
-95.916667,17.733333,OAX,RMLOX,"RÌo Manso Lalana, Oax.",72.8
-97.725,16.102778,OAX,RVEOX,"RÌo Verde, Oax.",17
-97.839444,17.156667,OAX,SACOX,"San AndrÈs Chicahuaxtla, Oax.",23.2
-95.165,16.283056,OAX,SBLOX,"San Blas Atempa, Oax.",97
-97.895,17.905833,OAX,SCHOX,"Santiago Chilixtlahuaca, Oax.",0.01
-96.55,17.266667,OAX,SCIOX,"Ixtepeji, Oax.",12
-95.2,16.183333,OAX,SCROX,"Observatorio de Salina Cruz, Oax.",35
-96.533333,17.883333,OAX,SFUOX,"San Felipe Usila, Oax.",107.5
-98.1425,17.501389,OAX,SLAOX,"Silacayo·pam, Oax.",9.21
-96.453611,17.1175,OAX,SMAOX,"San Antonio Cuajimoloyas, Oax.",8.81
-97.680278,18.188611,OAX,SNCOX,"Santiago Chazumba, Oax.",12.5
-96.55,18.05,OAX,STDOX,"Santo Domingo, Oax.",61.8
-97.536667,17.726111,OAX,STTOX,"Santiago Teotongo, Oax.",21.6
-96.412222,18.232222,OAX,TEMOX,"Presidente Alem·n, Oax.",38.5
-97.424444,17.550556,OAX,TEPOX,"San Juan Teposcolula, Oax.",10.5
-95.6,16.416667,OAX,TEQOX,"Tequisistl·n, Oax.",0.01
-97.680278,17.267222,OAX,TLXOX,"Heroica Ciudad de Tlaxiaco, Oax.",0
-97.808333,17.654444,OAX,TSLOX,"Heroica Villa Tezoatl·n de Segura y Luna, Oax.",25.8
-96.133333,18.083333,OAX,TUXOX,"Tuxtepec, Oax.",59.6
-96.435278,17.933056,OAX,UCFOX,"Usila CFE, Oax.",149.3
-94.833333,16.45,OAX,UHGOX,"UniÛn Hidalgo, Oax.",0
-96.3,17.776389,OAX,VANOX,"Valle Nacional, Oax.",89.41
-97.826111,17.724444,OAX,YOSOX,"Yosocuta, Oax.",22.71
-95.93,17.15,OAX,ZACOX,"Zacatepec, Oax.",107.36
-98.389444,17.755278,OAX,ZALOX,"Zapotitl·n Lagunas, Oax.",9.5
-94.216111,16.4025,OAX,ZANOX,"Zanatepec, Oax.",0
-97.818056,17.889722,OAX,ZAPOX,"Zapotitl·n Palmas, Oax.",3.51
-97.418056,19.45,PUE,ACHPB,"Alchichilca, Pue.",9.93
-97.934167,19.0625,PUE,ACJPB,"Acajete, Pue.",14.61
-98.055,18.277222,PUE,ADOPB,"Acatl·n de Osorio, Pue.",4.5
-98.135833,18.9425,PUE,AFRPB,"¡fricam, Pue.",7.9
-97.920833,18.854167,PUE,AHAPB,"Ahuatepec, Pue.",1
-98.148056,20.033056,PUE,AHUPB,"Ahuazontepec, Pue.",16.8
-97.845,20.406944,PUE,APAPB,"Apapantilla, Pue.",86.8
-98.420833,18.921111,PUE,ATXPB,"Atlixco, Pue.",8.3
-97.881111,20.385833,PUE,AVCPB,"¡vila Camacho, Pue.",90.06
-97.503333,19.961389,PUE,BAIPB,"Buenos Aires CFE, Pue.",170.45
-98.108611,18.9125,PUE,BDDPB,"Manuel ¡vila Camacho, Pue.",2.54
-97.441667,18.987222,PUE,CDSPB,"Ciudad Serd·n, Pue.",7.01
-97.958333,18.968889,PUE,CEMPB,"Cemex, Pue.",3
-98.579167,18.516111,PUE,CHIPB,"Chietla, Pue.",5.5
-98.318056,19.068611,PUE,CHLPB,"Cholula, Pue.",14.51
-98.567778,18.109722,PUE,CHSPB,"Chila de la Sal, Pue.",14.2
-98.198611,19.022778,PUE,CNAPB,"Conagua, Pue.",17.5
-98.049722,19.743333,PUE,CNGPB,"Chignahuapan, Pue.",17.81
-98.164722,18.612778,PUE,COAPB,"Coatzingo, Pue.",8.2
-98.059444,19.092778,PUE,CPLPB,"Capulac, Pue.",18.3
-97.516667,20.033333,PUE,CTZPB,"Cuetzalan del Progreso, Pue.",346.42
-98.275556,18.966111,PUE,ECHPB,"EcheverrÌa, Pue.",14.02
-98.456111,19.101111,PUE,HJTPB,"Huejotzingo, Pue.",4.21
-98.540278,18.772222,PUE,HQCPB,"Huaquechula, Pue.",10
-98.050833,20.176389,PUE,HUAPB,"Huauchinango, Pue.",58.8
-97.815833,19.621667,PUE,IXTPB,"Ixtacamaxtitl·n, Pue.",2.22
-98.466389,18.610833,PUE,IZMPB,"Iz˙car de Matamoros, Pue.",2
-98.231111,19.010556,PUE,MAYPB,"Mayorazgo 21 Poniente, Pue.",41.83
-97.850278,20.733056,PUE,MTLPB,"Metlaltoyuca, Pue.",45.7
-96.781389,18.360278,PUE,NARPB,"Naranjastitla, Pue.",26.16
-98.000556,20.216667,PUE,NNEPB,"Necaxa, Pue.",57.3
-97.533333,19.7,PUE,OYAPB,"Oyameles, Pue.",7.04
-98.156667,20.2775,PUE,PAHUATLAN,"Pahuatl·n de Valle, Pue. SGT*",56.9
-97.251389,18.918056,PUE,PCRPB,"Paso Carretas, Pue.",30
-98.264722,18.2,PUE,PIXPB,"Piaxtla, Pue.",5.5
-97.883333,20.233333,PUE,PTLPB,"Patla, Pue.",69.5
-98.166667,19.05,PUE,PUEBLAob,"Observatorio de Puebla, Pue. SMN*",0.2
-98.166667,19.05,PUE,PUOPB,"Observatorio de Puebla, Pue.",11.8
-97.616667,19.25,PUE,QUIPB,"Quimixtl·n, Pue.",39.21
-97.401667,20.116111,PUE,RNAPB,"Rancho Nuevo, Pue.",133.5
-98.22,19.113056,PUE,SCRPB,"San CristÛbal Caleras, Pue.",8.3
-97.208333,20.131389,PUE,SJAPB,"San JosÈ Acateno, Pue.",86.34
-97.91,18.735,PUE,SMCPB,"San Miguel Canoa, Pue.",0
-98.4175,19.284167,PUE,SMTPB,"San MartÌn Texmelucan, Pue.",2.5
-97.446667,19.960833,PUE,SOLPB,"La Soledad, Pue.",151.92
-98.582222,19.330278,PUE,SRTPB,"Santa Rita Tlahuapan, Pue.",25.5
-97.486389,19.952778,PUE,STLPB,"Sontalalco CFE, Pue.",162.12
-97.7925,20.004444,PUE,TDRPB,"Tepango de RodrÌguez, Pue.",140
-97.7525,18.878889,PUE,TECPB,"Tecamachalco, Pue.",1.1
-97.395556,18.479167,PUE,TEHPB,"Tehuac·n, Pue.",3
-98.777222,18.451944,PUE,TELPB,"Teotlalco, Pue.",5
-97.805833,19.829444,PUE,TEOPB,"Tetela de Ocampo, Pue.",31.71
-97.9475,20.21,PUE,TEPPB,"Tepexic, Pue.",60.9
-97.359722,19.815278,PUE,TEZPB,"Teziutl·n, Pue.",99.54
-96.849722,18.405,PUE,TLPPB,"Tlacotepec de DÌaz, Pue.",69.72
-98.040556,20.374167,PUE,TLXPB,"Tlaxco, Pue.",26
-97.491944,19.489167,PUE,TPYPB,"Tepeyahualco, Pue.",4.02
-96.861389,18.483611,PUE,TYAPB,"Tepeyac, Pue.",22.13
-98.050833,20.176389,PUE,UDSPB,"Universidad de la Sierra, Pue.",69
-97.720833,18.865556,PUE,UTTPB,"Universidad TecnolÛgica Tecamachalco, Pue. SMN*",1.1
-97.675833,20.510278,PUE,VENPB,"Venustiano Carranza, Pue.",47.7
-97.956944,20.277222,PUE,XDJPB,"Xicotepec de Ju·rez, Pue.",77.51
-97.585,19.859722,PUE,ZCPPB,"Zacapoaxtla, Pue.",90.86
-97.011389,18.332222,PUE,ZOQPB,"Zoquitl·n, Pue.",27
-97.832778,20.178611,PUE,ZRGPB,"Zaragoza, Pue.",59
-100.412222,20.504167,QRO,BATQT,"El Bat·n, Qro.",0
-100.080278,20.418611,QRO,CNSQT,"ConstituciÛn de 1917, Qro.",0
-100.453333,20.535,QRO,EPUQT,"El Pueblito, Qro.",0
-100.283056,20.389444,QRO,HUIQT,"Huimilpan, Qro. SMN*",0
-99.9625,20.198611,QRO,IDFQT,"San Ildefonso, Qro.",0.2
-99.479722,21.230278,QRO,JLPQT,"Jalpan, Qro.",5
-100.366667,20.566667,QRO,OBSQT,"Observatorio de QuerÈtaro, Qro.",0
-100,20.3625,QRO,SJSQT,"San JosÈ, Qro.",0.2
-86.820278,21.156667,QROO,CANQR,"Canc˙n, Q. Roo.",162.3
-88.3275,18.500556,QROO,CHETUMALob,"Observatorio de Chetumal, Q. Roo. SMN*",56
-87.300556,18.755556,QROO,CHINCHORROmar,"Banco Chinchorro SEMAR, Q. Roo.",173.64
-88.3275,18.500556,QROO,CHOQR,"Observatorio de Chetumal, Q. Roo.",64.23
-86.906944,20.476944,QROO,CO2QR,"Cozumel, Q. Roo. SMN*",100.6
-86.946111,20.51,QROO,COZQR,"Cozumel, Q. Roo.",166.2
-88.045,19.575556,QROO,FCRQR,"Observatorio de Felipe Carrillo Puerto, Q. Roo.",98.3
-88.880278,17.896944,QROO,LAUNION,"La UniÛn, Q. Roo. SMN*",46.2
-87.077778,20.634444,QROO,PDCQR,"Playa del Carmen, Q. Roo.",131.5
-106.654167,24.047222,SIN,ACTSI,"Acatit·n, Sin.",0
-109.183333,25.916667,SIN,AHMSI,"Ahome, Sin.",0
-107.383333,25.090278,SIN,AL2SI,"El Varejonal hidromÈtrica, Sin.",0
-107.388333,25.101389,SIN,ALMSI,"Adolfo LÛpez Mateos, Sin.",0
-108.7,25.7,SIN,ARCSI,"Adolfo RuÌz CortÌnes, Sin.",0
-107.466667,25.033333,SIN,AWSSI,"Andrew Weiss, Sin.",0
-107.5375,25.333333,SIN,BDRSI,"Badiraguato, Sin.",0
-108.329167,26.736111,SIN,CHXSI,"Observatorio de Choix, Sin.",0
-107.4,24.816667,SIN,CLCSI,"Culiac·n, Sin.",0
-108.065556,25.484722,SIN,EBLSI,"Lic. Eustaquio Buelna, Sin.",0.01
-108.616667,26.433333,SIN,EFTSI,"El Fuerte, Sin.",0
-108.480833,25.806667,SIN,ENASI,"EstaciÛn Naranjo, Sin.",0
-108.316667,26.083333,SIN,GB2SI,"El Sabinal hidromÈtrica, Sin.",0
-108.3275,26.103056,SIN,GBESI,"Ing. Guillermo Blake ¡guilar, Sin.",2.49
-107.911944,25.855278,SIN,GD2SI,"Bacurato hidromÈtrica de Gustavo Diaz Ord·z, Sin.",0
-107.911111,25.856667,SIN,GDOSI,"Gustavo DÌaz Ordaz, Sin.",0
-108.091667,25.469444,SIN,GMCSI,"Guam˙chil, Sin.",0.01
-108.466667,25.716667,SIN,GSVSI,"Guasave, Sin.",0
-109.333333,25.983333,SIN,HDZSI,"Higuera de Zaragoza, Sin.",0
-106.595833,23.955556,SIN,IXPSI,"Ixpalino, Sin.",0
-107.059444,24.753611,SIN,JGRSI,"Juan Guerrero Alcocer, Sin.",0
-106.807222,24.571667,SIN,JLPSI,"JosÈ LÛpez Portillo, Sin.",0
-108.013889,25.9,SIN,JNASI,"Jaina, Sin.",0
-108.7025,26.426944,SIN,JORSI,"Josefa Ortiz de DomÌnguez, Sin.",0
-106.9,23.916667,SIN,LCRSI,"La Cruz, Sin.",0
-108.367778,26.844722,SIN,LDCSI,"Luis Donaldo Colosio, Sin.",0
-109,25.8,SIN,MCHSI,"Los Mochis, Sin.",0
-106.4,23.233333,SIN,MZTSI,"Observatorio de Mazatl·n, Sin.",0.6
-107.440556,24.634722,SIN,OBSSI,"Observatorio de Culiac·n, Sin.",0
-108.58,26.509722,SIN,PMHSI,"Miguel Hidalgo, Sin.",0
-106.466667,23.5625,SIN,QLTSI,"Quelite, Sin.",0
-107.755833,25.124722,SIN,RAVSI,"EstaciÛn Rancho Viejo, Sin.",0
-105.85,22.983333,SIN,RSRSI,"Rosario, Sin.",0
-106.952778,24.484722,SIN,SCRSI,"Santa Cruz, Sin.",0
-108.779167,26.073611,SIN,SFRSI,"Sufragio, Sin.",0
-107.8425,25.486667,SIN,SJNSI,"San Juan, Sin.",13
-107.1,24.45,SIN,SLRSI,"San Lorenzo, Sin.",0.01
-106.695833,24.121944,SIN,SLTSI,"Ing. Aurelio Benassini VizcaÌno, Sin.",0
-107.151389,24.815,SIN,SNLSI,"Sanalona, Sin.",0
-106.25,23.35,SIN,SQRSI,"Siqueros, Sin.",0
-105.846944,23.088333,SIN,TORSI,"Las Tortugas, Sin.",0
-107.059722,24.7475,SIN,VINSI,"Vinoramas, Sin.",0
-108.358611,25.739167,SIN,ZOPSI,"El Zopilote, Sin.",0
-98.558333,21.972222,SLP,AJTSL,"Las Adjuntas, S.L.P.",6.31
-98.955833,21.748889,SLP,BLMSL,"Ballesmi, S.L.P.",26.11
-100.021667,21.936111,SLP,CDFERNANDEZ,"Ciudad Fern·ndez, S.L.P. SMN*",2.6
-99.016667,21.983333,SLP,CDVSL,"Ciudad Valles, S.L.P.",3
-99.239444,21.906944,SLP,GANSL,"Gallinas, S.L.P.",55
-100.820556,21.88,SLP,IVGSL,"ValentÌn Gama, S.L.P.",0
-100.642778,23.656944,SLP,MATSL,"Matehuala, S.L.P.",0.03
-99.159444,22.12,SLP,MICSL,"Micos, S.L.P.",12.95
-98.8,21.333333,SLP,MTPSL,"Observatorio de Matlapa, S.L.P.",66.4
-99.32,22.523333,SLP,NRJSL,"Naranjos, S.L.P.",4.11
-100.762222,21.849722,SLP,OCTSL,"Ojo Caliente, S.L.P.",0
-99.830556,21.651111,SLP,PMYSL,"Pedro Montoya, S.L.P.",7.03
-98.939722,21.847222,SLP,PUJSL,"El Pujal, S.L.P.",13.7
-98.888611,21.425,SLP,RQTSL,"Requetemu, S.L.P.",38.8
-99.995,21.931389,SLP,RVDSL,"Observatorio de RÌo Verde, S.L.P.",2
-101.683333,22.633333,SLP,SDHSL,"Salinas, S.L.P.",0
-101,22.2,SLP,SGRSL,"Soledad Graciano, S.L.P.",0
-101.019167,22.148056,SLP,SLPSL,"Observatorio de San Luis PotosÌ, S.L.P.",0
-99.055833,22.02,SLP,STRSL,"Santa Rosa, S.L.P.",11.8
-98.617222,21.692778,SLP,SVTSL,"San Vicente, S.L.P.",28.5
-99.146111,21.822222,SLP,TANCHACHIN,"TanchachÌn, S.L.P. SGT*",18.1
-98.773333,22.003611,SLP,TMISL,"Observatorio de TamuÌn, S.L.P.",10.31
-98.758889,21.241111,SLP,TMTSL,"Temamatla, S.L.P.",75.6
-99.146111,21.8225,SLP,TNCSL,"TanchachÌn, S.L.P.",18
-110.226111,29.825,SON,ACNSO,"Aconchi, Son.",0
-109.887778,27.75,SON,AGCSO,"Agua Caliente, Son.",0
-108.937778,27.021667,SON,ALMSO,"¡lamos, Son.",0
-111.733333,30.716667,SON,ALTSO,"Observatorio de Altar, Son.",0.02
-109.8925,27.8225,SON,AOBSO,"¡lvaro ObregÛn, Son.",0
-109.106667,27.226111,SON,ARCSO,"Adolfo RuÌz CortÌnes, Son.",0
-109.088611,30.07,SON,ARISO,"Aribabi, Son.",0.01
-110.92,29.076667,SON,ARLSO,"Abelardo RodrÌguez Luj·n, Son.",0
-110.1675,30.335833,SON,ARZSO,"Arizpe, Son.",2.2
-108.931667,30.355278,SON,BCRSO,"Bacerac, Son.",0.01
-108.860833,27.421667,SON,BICSO,"Bicentenario, Son. SGT*",0
-109.625,27.416667,SON,CCRSO,"Cocoraque, Son.",0
-111.516389,30.873333,SON,CHTSO,"CuauhtÈmoc, Son.",7.5
-110.736389,29.472222,SON,CJNSO,"El CajÛn, Son.",0
-110.290833,30.98,SON,CNNSO,"Cananea, Son.",0.22
-109.938056,27.5,SON,COBSO,"Observatorio de Ciudad ObregÛn, Son.",0
-108.7625,26.603611,SON,CZNSO,"Cazanate, Son.",0
-109.233333,29.2,SON,ECBSO,"El Cubil, Son.",0
-110.8,27.95,SON,EMPALMEob,"Observatorio de Empalme, Son. SMN*",0.2
-110.8,27.95,SON,EPLSO,"Observatorio de Empalme, Son.",0
-110.85,27.95,SON,GYMSO,"Guaymas, Son.",0.02
-110.916667,29.066667,SON,HM2SO,"Observatorio de Hermosillo, Son.",0.01
-110.925833,29.073056,SON,HMNSO,"Hermosillo, Son.",0.01
-108.957222,30.210556,SON,HSHSO,"Huachinera, Son.",0
-110.886944,30.761667,SON,IMRSO,"Imuris, Son.",2.8
-110.396944,28.426389,SON,IRASO,"Ignacio R. Alatorre, Son.",0
-109.378889,30.437778,SON,LCDSO,"L·zaro C·rdenas, Son.",0.02
-110.947222,31.318889,SON,NGLSO,"Nogales, Son.",2.8
-110.913889,31.297778,SON,NOGALES,"Nogales, Son. SMN*",5.8
-109.443333,27.071944,SON,NVJSO,"Navojoa, Son.",0
-112.85,31.866667,SON,NYNSO,"Sonoyta, Son.",0
-109.930556,27.372222,SON,OBOSO,"Observatorio Cd. ObregÛn, Son. SMN*",0
-110.706111,29.229722,SON,ORGSO,"El OrÈgano, Son.",0
-109.083333,29.433333,SON,PDNSO,"Paso N·cori, Son.",0.9
-109.642222,28.976667,SON,PECSO,"Plutarco ElÌas Calles, Son.",0.01
-113.304722,31.68,SON,PINACATE,"El Pinacate, Son. SMN*",0
-110.725556,29.2125,SON,PMOSO,"Ing. Rodolfo FÈlix ValdÈs, Son.",0
-110.308333,28.472222,SON,PTASO,"Punta de Agua 2, Son.",0
-112.116667,30.697778,SON,PTQSO,"Pitiquito, Son.",0
-111.021389,30.050556,SON,QRBSO,"Querobabi, Son.",0.01
-108.876667,27.411944,SON,SBNSO,"San Bernardo, Son.",0
-111.445278,30.394722,SON,SRSSO,"Santa Rosa 2, Son.",0.02
-109.5,29.534722,SON,TPCSO,"Tepache, Son.",0.01
-109.2125,27.658333,SON,TSOSO,"Tesocoma, Son.",0
-110.289722,27.643611,SON,VCMSO,"VÌcam, Son.",0.01
-108.927778,28.371389,SON,YCRSO,"YÈcora, Son.",0.01
-91.483333,17.433333,TAB,BDCTB,"Boca del Cerro, Tab.",328.6
-92.916667,17.98,TAB,EMUTB,"Villahermosa Muelle, Tab.",144.9
-92.814722,18.043611,TAB,EPOTB,"El Porvenir, Tab.",106.2
-93,17.975,TAB,GONTB,"Gonz·lez, Tab.",90.8
-92.6,17.766667,TAB,MACTB,"Macuspana, Tab.",165.1
-92.7425,17.404444,TAB,OXOLOTANCFE,"Oxolot·n, Tab. CFE*",199.8
-92.75,17.380556,TAB,OXOTB,"Oxolot·n, Tab.",521.7
-93.33,18.42,TAB,PARAISO,"ParaÌso, Tab. SMN*",144
-93.390278,17.769167,TAB,PAREDON,"ParedÛn HC, Tab. SGT*",102.4
-92.879167,17.854167,TAB,PNVTB,"Pueblo Nuevo, Tab.",164.3
-92.9375,17.566667,TAB,PUYTB,"Puyacatengo, Tab.",342.8
-93.275556,17.996944,TAB,SAMTB,"Samaria, Tab.",113
-91.158333,17.791667,TAB,SPTTB,"San Pedro, Tab.",103.5
-92.778611,17.456944,TAB,TAPTB,"Tapijulapa, Tab.",519.1
-92.966667,17.566667,TAB,TEATB,"Teapa, Tab.",338.3
-98.370556,24.046667,TAMPS,ABASOLO,"Abasolo, Tamps. SGT*",3.8
-98.39,24.065556,TAMPS,ABSTP,"Abasolo, Tamps.",6
-99.148889,22.986944,TAMPS,AHLTP,"Ahualulco, Tamps.",4.2
-97.926944,22.386111,TAMPS,BALTP,"Bombas Altamira, Tamps.",7.43
-99.215278,24.103333,TAMPS,BARRETALI,"Barretal Uno, Tamps. SGT*",0
-99.214444,24.102778,TAMPS,BARRETALII,"Barretal Dos, Tamps. SGT*",3.9
-99.123056,24.080556,TAMPS,BR1TP,"El Barretal Uno, Tamps.",1.51
-99.215,24.1025,TAMPS,BRRTP,"El Barretal, Tamps.",3.9
-98.687222,25.118056,TAMPS,CANDIDOAG,"C·ndido Aguilar, Tamps. SGT*",13.5
-98.5975,26.238056,TAMPS,CDOTP,"S-J-2-18 Ciudad DÌaz Ordaz, Tamps.",20.12
-99.92,22.58,TAMPS,CIUDADMANTE,"Ciudad Mante, Tamps. SMN*",2.4
-98.8,26.25,TAMPS,CMGTP,"S-J-2-11 Camargo, Tamps.",25.32
-99.148611,26.430556,TAMPS,CMRTP,"Mier, Tamps.",30.53
-98.814167,25.030833,TAMPS,CNDTP,"C·ndido Aguilar, Tamps.",22.9
-97.817778,25.966389,TAMPS,CONTP,"Control, Tamps.",133.21
-98.935833,23.939167,TAMPS,CORTP,"Corona, Tamps.",0.51
-99.166667,23.716667,TAMPS,CVCTP,"Observatorio de Ciudad Victoria, Tamps.",4.22
-99.1875,23.730278,TAMPS,CVTTP,"Ciudad Victoria, Tamps.",2.12
-98.691667,22.605,TAMPS,ERCTP,"Estudiante Ramiro Caballero Dorantes, Tamps.",23
-98.158333,24.843889,TAMPS,FDOTP,"San Fernando, Tamps.",37.4
-99.154722,23.046667,TAMPS,GOMEZFARIAS,"GÛmez FarÌas, Tamps. SGT*",10
-97.953333,23.166389,TAMPS,LAETP,"La Esperanza, Tamps.",21.11
-99.233611,26.408889,TAMPS,LBLTP,"Derivadora Las Blancas, Tamps.",35.71
-99.120556,22.852778,TAMPS,LSRTP,"La Servilleta, Tamps.",1.4
-99.551111,24.566667,TAMPS,MAGTP,"Magueyes, Tamps.",19.8
-97.522778,25.833333,TAMPS,MATTP,"Matamoros, Tamps.",66.12
-97.844167,22.283889,TAMPS,MDRTP,"Madero, Tamps.",5.1
-99.040833,26.374167,TAMPS,MGATP,"S-J-1-2 Miguel Alem·n, Tamps.",35.53
-98.916111,26.242222,TAMPS,MGOTP,"Marte R. GÛmez, Tamps.",35.71
-98.705556,22.795833,TAMPS,MGSTP,"MagiscatzÌn Dos, Tamps.",7.9
-99.434444,24.2525,TAMPS,MHGTP,"Miguel Hidalgo, Tamps.",4.82
-98.925556,26.204722,TAMPS,MRGTP,"Marte Rodolfo GÛmez, Tamps.",35.72
-99.53,27.44,TAMPS,NUEVOLAREDO,"Nuevo Laredo, Tamps. SGT*",5.5
-98.633889,22.494444,TAMPS,NVAAPOLONIA,"Nueva Apolonia, Tamps. SGT*",10.3
-98.9,24.05,TAMPS,PADTP,"Padilla, Tamps.",17.32
-97.8,25.8,TAMPS,PANTP,"Pueblo An·huac, Tamps.",73.44
-98.745833,23.726667,TAMPS,PDMTP,"Paso de Molina, Tamps.",12.03
-98.867778,24.115,TAMPS,PILON,"PilÛn, Tamps. SGT*",14.1
-99.019167,24.208056,TAMPS,PILTP,"PilÛn, Tamps.",15.8
-99.555833,24.2475,TAMPS,PJMTP,"Pedro JosÈ MÈndez, Tamps.",5.11
-99.5975,24.184167,TAMPS,PTODEVALLES,"Puerto de Valles, Tamps. SGT*",7
-98.666667,23.961389,TAMPS,PVGUERRERO,"Presa Vicente Guerrero, Tamps. SGT*",13.6
-99.583333,24.183333,TAMPS,PVLTP,"Puerto de Valles, Tamps.",7.02
-99.026111,22.843056,TAMPS,RFRTP,"RÌo FrÌo, Tamps.",1.01
-98,25.966667,TAMPS,RIBTP,"RÌo Bravo, Tamps.",25.32
-97.991944,23.259444,TAMPS,RSPTP,"Rep˙blica EspaÒola, Tamps.",21.2
-98.285833,26.079722,TAMPS,RYATP,"S-J-3-42 Reynosa, Tamps.",15.15
-98.883333,26.166667,TAMPS,RYNTP,"S-J-2-9 Reynosa, Tamps.",18.15
-99.093056,23.031389,TAMPS,SBNTP,"Sabinas, Tamps.",3.31
-98.869444,22.784444,TAMPS,SDATP,"Saca de Agua, Tamps.",1.01
-98.787222,23.083611,TAMPS,SGBTP,"San Gabriel, Tamps.",3.4
-98.208889,23.762222,TAMPS,SLMTP,"Observatorio de Soto la Marina, Tamps.",16.9
-98.791389,22.943889,TAMPS,SLZTP,"Lic. Emilio Portes Gil, Tamps.",0
-99.274167,24.0225,TAMPS,STETP,"Santa Engracia, Tamps.",7.3
-97.876111,22.238333,TAMPS,TMPTP,"Tampico, Tamps.",2.2
-98.422778,22.423889,TAMPS,TMSTP,"TamesÌ, Tamps.",9.52
-97.804167,25.906111,TAMPS,VCATP,"Villa C·rdenas, Tamps.",121.61
-98.666389,23.959444,TAMPS,VGRTP,"Vicente Guerrero, Tamps.",13.4
-97.8,25.7,TAMPS,VHMTP,"Valle Hermoso, Tamps.",74.52
-99.551111,24.566667,TAMPS,VSMTP,"Victoria San Marcos, Tamps.",2.1
-98.131111,19.428611,TLAX,APITL,"Apizaco, Tlax.",25.51
-98.563889,19.586111,TLAX,CPPTL,"Calpulalpan, Tlax.",13.31
-97.769722,19.298889,TLAX,CUATL,"Cuapiaxtla, Tlax.",15.91
-97.6475,19.318056,TLAX,ECTTL,"El Carmen Tequexquitla, Tlax.",23.51
-97.911111,19.315833,TLAX,HMTTL,"Huamantla, Tlax.",16
-98.246944,19.324722,TLAX,OBSTL,"Observatorio de Tlaxcala, Tlax.",27.06
-98.200556,19.556111,TLAX,SJATL,"San JosÈ Atlanga, Tlax.",8.01
-98.233333,19.316667,TLAX,TLAXCALAob,"Observatorio de Tlaxcala, Tlax. SMN*",21.4
-98.243056,19.219444,TLAX,ZACTL,"Zacatelco, Tlax.",16.3
-97.908056,19.200278,TLAX,ZITTL,"Zitlaltepec, Tlax.",32.82
-96.843889,19.695833,VER,ACAVC,"Acatl·n, Ver.",77.09
-96.583333,19.495278,VER,ACTOPANVER,"Actopan, Ver. SGT*",70.1
-96.5875,19.495,VER,ACTVC,"Actopan, Ver.",66.11
-94.144444,18.141667,VER,AGDVC,"Agua Dulce, Ver.",186
-97.68,20.93,VER,ALAVC,"¡lamo Temapache, Ver.",42
-97.234722,19.7625,VER,ALTVC,"Altotonga, Ver.",273.14
-95.4375,18.583333,VER,ARCVC,"¡ngel Rosario Cabada, Ver.",107.06
-96.944444,19.588889,VER,BANVC,"Banderilla, Ver.",148
-96.933333,19.483333,VER,BRIVC,"Briones, Ver.",73.54
-94.253889,17.954444,VER,CB2VC,"Planta de Bombeo 2 de La Cangrejera, Ver.",363.03
-95.8,18.3,VER,CCLVC,"Chacaltianguis, Ver.",28.9
-96.994444,19.332778,VER,CDCVC,"Cosautl·n de Carvajal, Ver.",164.06
-96.697778,19.433056,VER,CEGVC,"Cerro Gordo, Ver.",44.7
-96.853611,18.563333,VER,CHMVC,"Chicomapa, Ver.",56.2
-98.155833,21.7375,VER,CHYVC,"Paso de Piedras, Ver.",21.01
-96.939444,19.453889,VER,COAVC,"Coatepec, Ver.",74.08
-94.4,18.1,VER,COTVC,"Observatorio de Coatzacoalcos, Ver.",70.51
-96.374444,19.364722,VER,CRDVC,"Cardel, Ver.",27.7
-96.647222,19.320278,VER,CRRVC,"Carrizal, Ver.",39.51
-95.295833,18.144444,VER,CTTVC,"Cuatotolapan, Ver.",10.61
-96.666389,19.361667,VER,CUMVC,"La Cumbre, Ver.",41.01
-95.970833,19.040833,VER,ELSALADOmar,"El Salado, Ver. SEMAR*",10.16
-96.36,19.405833,VER,ENRVC,"El Naranjillo, Ver.",22
-96.158333,19.068889,VER,ETEVC,"El Tejar, Ver.",26.63
-96.9975,18.897778,VER,FORVC,"FortÌn, Ver.",59
-95.556944,18.270556,VER,GARVC,"Garro, Ver.",49.82
-98.459167,21.773611,VER,HGOVC,"El Higo, Ver.",33.8
-98.2875,21.194444,VER,HLSVC,"Los Hules, Ver.",51.2
-96.950833,19.181667,VER,HTSVC,"Huatusco, Ver.",48.9
-98.483333,20.533333,VER,HUYVC,"Huayacocotla, Ver.",30.5
-96.554167,19.404167,VER,IDOVC,"Õdolos, Ver.",29.21
-97.2175,21.471667,VER,ISLALOBOSmar,"Isla Lobos, Ver. SEMAR*",58.8
-94.666667,17.95,VER,JALVC,"Jaltip·n, Ver.",43.8
-95.033333,17.433333,VER,JCRVC,"Jes˙s Carranza, Ver.",23.01
-94.088889,17.873611,VER,JDCVC,"San JosÈ del Carmen, Ver.",285.1
-97.021111,19.603611,VER,JOYVC,"La Joya, Ver.",51.52
-95.35,18.25,VER,LAUVC,"Lauchapan, Ver.",21.33
-94.330833,18.109444,VER,LCAVC,"La Cangrejera, Ver.",224.02
-95.118333,18.415833,VER,LDCVC,"Canseco, Ver.",4.51
-97.231944,18.922778,VER,LGRVC,"Loma Grande, Ver.",15
-96.978333,20.051944,VER,LIBVC,"Libertad, Ver.",166.8
-96.411111,19.261389,VER,LOFVC,"Loma Fina, Ver.",50
-94.916667,17.416667,VER,LPEVC,"Las Perlas, Ver.",21.01
-97.1,19.65,VER,LVRVC,"Las Vigas de RamÌrez, Ver.",65.2
-97.048333,20.0675,VER,MDTVC,"MartÌnez de la Torre, Ver.",186.84
-96.333333,19.15,VER,MFAVC,"Manlio Fabio Altamirano, Ver.",25.03
-98.045,20.8325,VER,MILVC,"Milcahual, Ver.",32.5
-94.771111,18.135278,VER,MNZVC,"Minzapan, Ver.",25.06
-96.833333,19.933333,VER,MZNVC,"Misantla, Ver.",377.62
-96.872222,19.65,VER,NAOVC,"Naolinco, Ver.",78.35
-98.5125,21.840278,VER,OLVVC,"El Olivo, Ver.",15.6
-97.1,18.85,VER,ORZVC,"Observatorio de Orizaba, Ver.",62.74
-96.97,19.55,VER,OTIVC,"Otilpan, Ver.",108.5
-96.918056,19.48,VER,PAVVC,"Pacho Viejo, Ver.",65.77
-94.3775,18.103611,VER,PB3VC,"Planta de Bombeo 3 de La Cangrejera, Ver.",117.02
-97.814444,21.184444,VER,PEMVC,"El Moralillo, Ver.",76
-97.238889,19.580556,VER,PERVC,"Perote, Ver.",25.18
-96.979722,19.588611,VER,PILVC,"Piletas, Ver.",97.24
-98.176667,22.06,VER,PNCVC,"P·nuco, Ver.",19.21
-97.316667,20.45,VER,PPNVC,"Papantla, Ver.",52.9
-97.478333,20.540833,VER,PRCVC,"Poza Rica, Ver.",52.55
-98.356667,21.297778,VER,PSNVC,"PlatÛn S·nchez, Ver.",40.3
-96.665,19.043333,VER,PTE4CAMINOS,"Puente Cuatro Caminos, Ver. SGT*",22.2
-96.704444,18.821944,VER,PTEAUTOPISTA,"Puente de la Autopista, Ver. SGT*",31.3
-96.795278,18.888056,VER,PTNVC,"Potrero Nuevo, Ver.",44.05
-96.713889,20.157778,VER,RAUVC,"El Raudal, Ver.",89.8
-97.809722,20.887222,VER,SBTVC,"Sombrerete, Ver.",24
-96.921389,19.578611,VER,SEDVC,"SedeÒo, Ver.",71.92
-95.183333,18.45,VER,SIHVC,"Sihuap·n, Ver.",47.7
-95.133333,17.883333,VER,SJEVC,"San Juan Evangelista, Ver.",1.46
-95.033333,18.516667,VER,SONVC,"Sontecomapan, Ver.",246.12
-95.212778,18.450833,VER,STXVC,"San AndrÈs Tuxtla AC, Ver.",84.9
-96.488889,19.338889,VER,TAMVC,"Tamarindo, Ver.",4
-96.966667,19.45,VER,TAPVC,"Tapachapan, Ver.",99.7
-96.966667,19.383333,VER,TCOVC,"Teocelo, Ver.",69
-97.125278,18.579722,VER,TLQVC,"Tlaquilpa, Ver.",39.96
-94.163333,17.571944,VER,TMOVC,"Tierra Morada, Ver.",331
-98.409444,21.499722,VER,TMPVC,"Tempoal, Ver.",31.3
-96.916667,19.811111,VER,TNCVC,"Tenochtitl·n, Ver.",251.6
-97.2225,19.921944,VER,TOMVC,"Tomata, Ver.",207.52
-96.950278,19.233611,VER,TOTVC,"Totutla, Ver.",60.18
-97.4,20.955556,VER,TXPVC,"Observatorio de Tuxpan, Ver.",26.23
-95.416667,18.466667,VER,TZAVC,"Tres Zapotes, Ver.",70.1
-96.111111,19.154167,VER,VERVC,"Observatorio de Veracruz, Ver.",2.08
-96.613889,19.022222,VER,VTEVC,"Villa Tejeda, Ver.",0
-96.85,19.55,VER,XCFVC,"Xalapa CFE, Ver.",83.18
-96.903889,19.542222,VER,XCRVC,"Xalapa Cristal, Ver.",78.32
-96.935556,19.547222,VER,XMGVC,"Xalapa Magisterial, Ver.",87.15
-96.916667,19.533333,VER,XOBVC,"Observatorio de Xalapa, Ver.",74.28
-96.871667,19.511667,VER,XOLVC,Xalapa Olmos,66.72
-96.915556,19.565833,VER,XREVC,"Xalapa RevoluciÛn, Ver.",99.23
-96.894444,19.555833,VER,XSUVC,"Xalapa Sumidero, Ver.",67.33
-97.388889,19.413889,VER,ZALVC,"Zalayeta, Ver.",0
-89.681111,20.649444,YUC,ABAYC,"Abal·, Yuc.",1
-89.218889,19.883056,YUC,BECYC,"BecanchÈn, Yuc.",83.01
-89.081667,20.463056,YUC,CANYC,"Cantamayec, Yuc.",134.8
-90.3825,20.858056,YUC,CELYC,"Celest˙n, Yuc. SMN*",1.6
-89.657222,20.983611,YUC,CHMR_MERIDA,"Centro HidrometeorolÛgico Regional MÈrida, Yuc. SMN*",7
-89.829444,20.752778,YUC,CHOYC,"Chochol·, Yuc.",15.3
-89.638056,21.03,YUC,CICYC,"Centro de InvestigaciÛn CientÌfica, Yuc.",8
-87.676667,21.5125,YUC,CYOYC,"El Cuyo, Yuc.",36.8
-89.583611,20.983889,YUC,EZAYC,"Emiliano Zapata, Yuc.",14.8
-89.658056,20.984167,YUC,GARYC,"Organismo de Cuenca PenÌnsula de Yucat·n, Yuc.",4.44
-89.651111,20.946389,YUC,MEOYC,"Observatorio de MÈrida, Yuc.",12.31
-89.4375,21.105556,YUC,MOCYC,"Mococh·, Yuc.",10.7
-89.291667,21.094167,YUC,MTOYC,"Motul, Yuc.",8.52
-89.711667,20.493333,YUC,MUNYC,"Muna, Yuc.",22.51
-89.394722,20.290556,YUC,OXKYC,"Oxkutzcab, Yuc.",87.52
-88.930833,20.1325,YUC,PETYC,"Peto, Yuc.",91.03
-89.653889,21.275833,YUC,PROYC,"Observatorio de Progreso, Yuc.",8.23
-88.160278,21.571111,YUC,RILYC,"RÌo Lagartos, Yuc. SMN*",35.2
-88.160556,21.571667,YUC,RLAYC,"RÌo Lagartos, Yuc.",39.61
-89.046944,20.030278,YUC,TANYC,"TantaquÌn, Yuc.",55.1
-89.558056,20.397778,YUC,TICYC,"Ticul, Yuc.",41.91
-88.1725,21.158611,YUC,TIZYC,"TizimÌn, Yuc.",77.61
-89.047222,20.030278,YUC,TNTYC,"TantaquÌn, Yuc. SMN*",5.5
-88.204167,20.69,YUC,VALYC,"Observatorio de Valladolid, Yuc.",107.91
-103.225278,22.327222,ZAC,ACHZC,"Achimec, Jal.",0.04
-103.459167,21.811389,ZAC,ATGZC,"Atolinga, Zac.",2.5
-102.953333,22.824167,ZAC,BTEZC,"RamÛn LÛpez Velarde, Zac.",0
-102.896111,21.997222,ZAC,CHIZC,"El Chique, Zac.",0
-101.389167,24.621389,ZAC,CORZC,"ConcepciÛn del Oro, Zac.",1
-103.098333,23.693333,ZAC,ELCZC,"El Cazadero, Zac.",0
-102.040833,22.673056,ZAC,ELSZC,"El Saladillo, Zac.",1.51
-103.35,21.645833,ZAC,EXCZC,"Miguel Alem·n, Zac.",0.8
-102.890833,23.173889,ZAC,FREZC,"Fresnillo, Zac.",0
-103.093333,22.933333,ZAC,GJAZC,"General JoaquÌn Amaro, Zac.",4.01
-102.506667,22.746667,ZAC,GPEZC,"Guadalupe, Zac.",0.02
-102.46,22.4875,ZAC,GRCZC,"Genaro Codina, Zac.",1
-103.397778,24.281667,ZAC,JALZC,"Juan Aldama, Zac.",0
-103.114167,21.404722,ZAC,JCHZC,"Juchipila, Zac.",0
-103.001944,22.642778,ZAC,JERZC,"Jerez, Zac.",0.7
-102.566944,22.778889,ZAC,LBUZC,"Observatorio de Zacatecas, Zac.",0
-103.603056,22.686944,ZAC,LFLZC,"La Florida, Zac.",0.01
-102.660556,22.996944,ZAC,LLBZC,"Llano Blanco, Zac.",0.01
-102.251667,22.438611,ZAC,LMOZC,"Luis Moya, Zac.",0.01
-103.382778,22.845278,ZAC,LOBZC,"Manuel Felgueres, Zac.",0
-101.985556,22.264722,ZAC,LORZC,"Loreto, Zac.",0
-103.216944,23.18,ZAC,LREZC,"Gobernador Leobardo Reynoso, Zac.",0.01
-103.443056,24.287222,ZAC,MGAZC,"Miguel Auza, Zac.",0
-103.363889,21.2125,ZAC,MORZC,"Mezquital del Oro, Zac.",0
-103.561667,22.306944,ZAC,MRSZC,"Monte Escobedo, Zac.",0
-102.845556,21.3575,ZAC,NCTZC,"Nochistl·n, Zac.",0.41
-102.615,24.983056,ZAC,NTAZC,"Nuevo Tampico, Zac.",1.13
-102.269444,22.577778,ZAC,OCAZC,"Ojo Caliente, Zac.",1.3
-102.798056,22.347778,ZAC,PALZC,"Palomas, Zac.",0.3
-101.399167,22.1175,ZAC,PINZC,"Pino Su·rez, Zac.",0
-102.903611,21.711111,ZAC,PMOZC,"Los MoraleÒos, Zac.",0.01
-103.025833,23.816944,ZAC,RGRZC,"RÌo Grande, Zac.",0
-102.884444,24.322222,ZAC,SFOZC,"San Francisco, Zac.",0.02
-103.506111,24.288611,ZAC,SGOZC,"Santiago, Zac.",0.01
-103.636667,23.638889,ZAC,SOMZC,"Observatorio de Sombrerete, Zac.",0.01
-103.495833,22.326667,ZAC,STEZC,"Independencia Nacional, Zac.",0
-103.108889,22.923611,ZAC,STRZC,"Santa Rosa, Zac.",4.41
-102.864167,22.120556,ZAC,TAYZC,"Ing. Juli·n Adame Alatorre, Zac.",0
-103.879722,23.471944,ZAC,TCHZC,"Chalchihuites, Zac.",0.11
-103.309444,21.773611,ZAC,TLLZC,"Tlaltenango, Zac.",0.6
-102.344167,23.288611,ZAC,VCOZC,"Villa de Cos, Zac.",0
-101.715833,22.3475,ZAC,VHGZC,"Villa Hidalgo, Zac.",0.01
-103.3375,21.588889,ZAC,VILZC,"JosÈ MarÌa Morelos, Zac.",1.3
-102.566389,22.778333,ZAC,ZACATECASob,"Observatorio de Zacatecas, Zac. SMN*",0.6
-102.576667,22.761389,ZAC,ZACZC,"Zacatecas, Zac.",0.5
